{
    "num_rows": 3133,
    "num_columns": 9,
    "column_names": [
        "eudract_number",
        "arms",
        "controlled",
        "crossover",
        "double_blind",
        "open",
        "parallel_group",
        "randomised",
        "single_blind"
    ],
    "true_positive": 2,
    "false_positive": 26,
    "false_negative": 1584,
    "true_negative": 26585,
    "precision": 0.07142857142857142,
    "recall": 0.0012610340479192938,
    "f1_score": 0.002478314745972739,
    "accuracy": 0.9429017271340923,
    "false_positive_rate": 0.0009770395701025891,
    "false_negative_rate": 0.9987389659520807,
    "time_taken": 1049.3469421863556
}