{
  "num_rows": 3133,
  "num_columns": 9,
  "column_names": [
    "eudract_number",
    "arms",
    "controlled",
    "crossover",
    "double_blind",
    "open",
    "parallel_group",
    "randomised",
    "single_blind"
  ],
  "true_positive": 1508,
  "false_positive": 136,
  "false_negative": 1454,
  "true_negative": 25099,
  "precision": 0.9172749391727494,
  "recall": 0.5091154625253207,
  "f1_score": 0.6547980894485453,
  "accuracy": 0.9436110224491967,
  "false_positive_rate": 0.005389340202100258,
  "false_negative_rate": 0.49088453747467925
}