{
    "num_rows": 3133,
    "num_columns": 9,
    "column_names": [
        "eudract_number",
        "arms",
        "controlled",
        "crossover",
        "double_blind",
        "open",
        "parallel_group",
        "randomised",
        "single_blind"
    ],
    "true_positive": 1578,
    "false_positive": 114,
    "false_negative": 1384,
    "true_negative": 25121,
    "precision": 0.9326241134751773,
    "recall": 0.5327481431465226,
    "f1_score": 0.6781263429308123,
    "accuracy": 0.9468737808986771,
    "false_positive_rate": 0.004517535169407569,
    "false_negative_rate": 0.46725185685347737,
    "time_taken": 1060.6060194969177
}