composed_key,actual_arrival,actual_departure,scheduled_arrival,scheduled_departure
2011-12-01 - AA-1007-MIA-PHX,3053.0,2769.0,5945.0,5635.0
2011-12-01 - AA-1007-MIA-PHX,3053.0,2769.0,5945.0,5635.0
2011-12-01 - AA-1007-MIA-PHX,3053.0,2769.0,5945.0,5635.0
2011-12-01 - AA-1007-MIA-PHX,3053.0,2769.0,5945.0,5635.0
2011-12-01 - AA-1007-MIA-PHX,3053.0,2769.0,5945.0,5635.0
2011-12-01 - AA-1007-MIA-PHX,3053.0,2769.0,5945.0,5635.0
2011-12-01 - AA-1007-MIA-PHX,3053.0,2769.0,5945.0,5635.0
2011-12-01 - AA-1007-MIA-PHX,3053.0,2769.0,5945.0,5635.0
2011-12-01 - AA-1007-MIA-PHX,3053.0,2769.0,5945.0,5635.0
2011-12-01 - AA-1007-MIA-PHX,3053.0,2769.0,5945.0,5635.0
2011-12-01 - AA-1007-MIA-PHX,3053.0,2769.0,5945.0,5635.0
2011-12-01 - AA-1007-MIA-PHX,3053.0,2769.0,5945.0,5635.0
2011-12-01 - AA-1007-MIA-PHX,3053.0,2769.0,5945.0,5635.0
2011-12-01 - AA-1007-MIA-PHX,3053.0,2769.0,5945.0,5635.0
2011-12-01 - AA-1007-MIA-PHX,3053.0,2769.0,5945.0,5635.0
2011-12-01 - AA-1007-MIA-PHX,3053.0,2769.0,5945.0,5635.0
2011-12-01 - AA-1007-MIA-PHX,3053.0,2769.0,5945.0,5635.0
2011-12-01 - AA-1007-MIA-PHX,3053.0,2769.0,5945.0,5635.0
2011-12-01 - AA-1007-MIA-PHX,3053.0,2769.0,5945.0,5635.0
2011-12-01 - AA-1007-MIA-PHX,3053.0,2769.0,5945.0,5635.0
2011-12-01 - AA-1007-MIA-PHX,3053.0,2769.0,5945.0,5635.0
2011-12-01 - AA-1165-JFK-MIA,2344.0,2183.0,2374.0,2159.0
2011-12-01 - AA-1165-JFK-MIA,2344.0,2183.0,2374.0,2159.0
2011-12-01 - AA-1165-JFK-MIA,2344.0,2183.0,2374.0,2159.0
2011-12-01 - AA-1165-JFK-MIA,2344.0,2183.0,2374.0,2159.0
2011-12-01 - AA-1165-JFK-MIA,2344.0,2183.0,2374.0,2159.0
2011-12-01 - AA-1165-JFK-MIA,2344.0,2183.0,2374.0,2159.0
2011-12-01 - AA-1165-JFK-MIA,2344.0,2183.0,2374.0,2159.0
2011-12-01 - AA-1165-JFK-MIA,2344.0,2183.0,2374.0,2159.0
2011-12-01 - AA-1165-JFK-MIA,2344.0,2183.0,2374.0,2159.0
2011-12-01 - AA-1165-JFK-MIA,2344.0,2183.0,2374.0,2159.0
2011-12-01 - AA-1165-JFK-MIA,2344.0,2183.0,2374.0,2159.0
2011-12-01 - AA-1165-JFK-MIA,2344.0,2183.0,2374.0,2159.0
2011-12-01 - AA-1165-JFK-MIA,2344.0,2183.0,2374.0,2159.0
2011-12-01 - AA-1165-JFK-MIA,2344.0,2183.0,2374.0,2159.0
2011-12-01 - AA-1165-JFK-MIA,2344.0,2183.0,2374.0,2159.0
2011-12-01 - AA-1165-JFK-MIA,2344.0,2183.0,2374.0,2159.0
2011-12-01 - AA-1165-JFK-MIA,2344.0,2183.0,2374.0,2159.0
2011-12-01 - AA-1165-JFK-MIA,2344.0,2183.0,2374.0,2159.0
2011-12-01 - AA-1165-JFK-MIA,2344.0,2183.0,2374.0,2159.0
2011-12-01 - AA-1165-JFK-MIA,2344.0,2183.0,2374.0,2159.0
2011-12-01 - AA-1165-JFK-MIA,2344.0,2183.0,2374.0,2159.0
2011-12-01 - AA-1165-JFK-MIA,2344.0,2183.0,2374.0,2159.0
2011-12-01 - AA-1165-JFK-MIA,2344.0,2183.0,2374.0,2159.0
2011-12-01 - AA-1165-JFK-MIA,2344.0,2183.0,2374.0,2159.0
2011-12-01 - AA-1165-JFK-MIA,2344.0,2183.0,2374.0,2159.0
2011-12-01 - AA-1279-DFW-PHX,2779.0,2644.0,2735.0,2580.0
2011-12-01 - AA-1279-DFW-PHX,2779.0,2644.0,2735.0,2580.0
2011-12-01 - AA-1279-DFW-PHX,2779.0,2644.0,2735.0,2580.0
2011-12-01 - AA-1279-DFW-PHX,2779.0,2644.0,2735.0,2580.0
2011-12-01 - AA-1279-DFW-PHX,2779.0,2644.0,2735.0,2580.0
2011-12-01 - AA-1279-DFW-PHX,2779.0,2644.0,2735.0,2580.0
2011-12-01 - AA-1279-DFW-PHX,2779.0,2644.0,2735.0,2580.0
2011-12-01 - AA-1279-DFW-PHX,2779.0,2644.0,2735.0,2580.0
2011-12-01 - AA-1279-DFW-PHX,2779.0,2644.0,2735.0,2580.0
2011-12-01 - AA-1279-DFW-PHX,2779.0,2644.0,2735.0,2580.0
2011-12-01 - AA-1279-DFW-PHX,2779.0,2644.0,2735.0,2580.0
2011-12-01 - AA-1279-DFW-PHX,2779.0,2644.0,2735.0,2580.0
2011-12-01 - AA-1279-DFW-PHX,2779.0,2644.0,2735.0,2580.0
2011-12-01 - AA-1279-DFW-PHX,2779.0,2644.0,2735.0,2580.0
2011-12-01 - AA-1279-DFW-PHX,2779.0,2644.0,2735.0,2580.0
2011-12-01 - AA-1279-DFW-PHX,2779.0,2644.0,2735.0,2580.0
2011-12-01 - AA-1279-DFW-PHX,2779.0,2644.0,2735.0,2580.0
2011-12-01 - AA-1279-DFW-PHX,2779.0,2644.0,2735.0,2580.0
2011-12-01 - AA-1279-DFW-PHX,2779.0,2644.0,2735.0,2580.0
2011-12-01 - AA-1279-DFW-PHX,2779.0,2644.0,2735.0,2580.0
2011-12-01 - AA-1279-DFW-PHX,2779.0,2644.0,2735.0,2580.0
2011-12-01 - AA-1279-DFW-PHX,2779.0,2644.0,2735.0,2580.0
2011-12-01 - AA-1279-DFW-PHX,2779.0,2644.0,2735.0,2580.0
2011-12-01 - AA-1279-DFW-PHX,2779.0,2644.0,2735.0,2580.0
2011-12-01 - AA-1279-DFW-PHX,2779.0,2644.0,2735.0,2580.0
2011-12-01 - AA-1434-DFW-MCO,2375.0,2241.0,2375.0,2235.0
2011-12-01 - AA-1434-DFW-MCO,2375.0,2241.0,2375.0,2235.0
2011-12-01 - AA-1434-DFW-MCO,2375.0,2241.0,2375.0,2235.0
2011-12-01 - AA-1434-DFW-MCO,2375.0,2241.0,2375.0,2235.0
2011-12-01 - AA-1434-DFW-MCO,2375.0,2241.0,2375.0,2235.0
2011-12-01 - AA-1434-DFW-MCO,2375.0,2241.0,2375.0,2235.0
2011-12-01 - AA-1434-DFW-MCO,2375.0,2241.0,2375.0,2235.0
2011-12-01 - AA-1434-DFW-MCO,2375.0,2241.0,2375.0,2235.0
2011-12-01 - AA-1434-DFW-MCO,2375.0,2241.0,2375.0,2235.0
2011-12-01 - AA-1434-DFW-MCO,2375.0,2241.0,2375.0,2235.0
2011-12-01 - AA-1434-DFW-MCO,2375.0,2241.0,2375.0,2235.0
2011-12-01 - AA-1434-DFW-MCO,2375.0,2241.0,2375.0,2235.0
2011-12-01 - AA-1434-DFW-MCO,2375.0,2241.0,2375.0,2235.0
2011-12-01 - AA-1434-DFW-MCO,2375.0,2241.0,2375.0,2235.0
2011-12-01 - AA-1434-DFW-MCO,2375.0,2241.0,2375.0,2235.0
2011-12-01 - AA-1434-DFW-MCO,2375.0,2241.0,2375.0,2235.0
2011-12-01 - AA-1434-DFW-MCO,2375.0,2241.0,2375.0,2235.0
2011-12-01 - AA-1434-DFW-MCO,2375.0,2241.0,2375.0,2235.0
2011-12-01 - AA-1434-DFW-MCO,2375.0,2241.0,2375.0,2235.0
2011-12-01 - AA-1434-DFW-MCO,2375.0,2241.0,2375.0,2235.0
2011-12-01 - AA-1434-DFW-MCO,2375.0,2241.0,2375.0,2235.0
2011-12-01 - AA-1434-DFW-MCO,2375.0,2241.0,2375.0,2235.0
2011-12-01 - AA-1434-DFW-MCO,2375.0,2241.0,2375.0,2235.0
2011-12-01 - AA-1434-DFW-MCO,2375.0,2241.0,2375.0,2235.0
2011-12-01 - AA-1434-DFW-MCO,2375.0,2241.0,2375.0,2235.0
2011-12-01 - AA-1434-DFW-MCO,2375.0,2241.0,2375.0,2235.0
2011-12-01 - AA-1522-SFO-ORD,2152.0,1931.0,3590.0,3355.0
2011-12-01 - AA-1522-SFO-ORD,2152.0,1931.0,3590.0,3355.0
2011-12-01 - AA-1522-SFO-ORD,2152.0,1931.0,3590.0,3355.0
2011-12-01 - AA-1522-SFO-ORD,2152.0,1931.0,3590.0,3355.0
2011-12-01 - AA-1522-SFO-ORD,2152.0,1931.0,3590.0,3355.0
2011-12-01 - AA-1522-SFO-ORD,2152.0,1931.0,3590.0,3355.0
2011-12-01 - AA-1522-SFO-ORD,2152.0,1931.0,3590.0,3355.0
2011-12-01 - AA-1522-SFO-ORD,2152.0,1931.0,3590.0,3355.0
2011-12-01 - AA-1522-SFO-ORD,2152.0,1931.0,3590.0,3355.0
2011-12-01 - AA-1522-SFO-ORD,2152.0,1931.0,3590.0,3355.0
2011-12-01 - AA-1522-SFO-ORD,2152.0,1931.0,3590.0,3355.0
2011-12-01 - AA-1522-SFO-ORD,2152.0,1931.0,3590.0,3355.0
2011-12-01 - AA-1522-SFO-ORD,2152.0,1931.0,3590.0,3355.0
2011-12-01 - AA-1522-SFO-ORD,2152.0,1931.0,3590.0,3355.0
2011-12-01 - AA-1522-SFO-ORD,2152.0,1931.0,3590.0,3355.0
2011-12-01 - AA-1522-SFO-ORD,2152.0,1931.0,3590.0,3355.0
2011-12-01 - AA-1522-SFO-ORD,2152.0,1931.0,3590.0,3355.0
2011-12-01 - AA-1522-SFO-ORD,2152.0,1931.0,3590.0,3355.0
2011-12-01 - AA-1522-SFO-ORD,2152.0,1931.0,3590.0,3355.0
2011-12-01 - AA-1522-SFO-ORD,2152.0,1931.0,3590.0,3355.0
2011-12-01 - AA-1522-SFO-ORD,2152.0,1931.0,3590.0,3355.0
2011-12-01 - AA-1522-SFO-ORD,2152.0,1931.0,3590.0,3355.0
2011-12-01 - AA-1522-SFO-ORD,2152.0,1931.0,3590.0,3355.0
2011-12-01 - AA-1522-SFO-ORD,2152.0,1931.0,3590.0,3355.0
2011-12-01 - AA-1522-SFO-ORD,2152.0,1931.0,3590.0,3355.0
2011-12-01 - AA-222-LAX-BOS,2653.0,2371.0,2670.0,2350.0
2011-12-01 - AA-222-LAX-BOS,2653.0,2371.0,2670.0,2350.0
2011-12-01 - AA-222-LAX-BOS,2653.0,2371.0,2670.0,2350.0
2011-12-01 - AA-222-LAX-BOS,2653.0,2371.0,2670.0,2350.0
2011-12-01 - AA-222-LAX-BOS,2653.0,2371.0,2670.0,2350.0
2011-12-01 - AA-222-LAX-BOS,2653.0,2371.0,2670.0,2350.0
2011-12-01 - AA-222-LAX-BOS,2653.0,2371.0,2670.0,2350.0
2011-12-01 - AA-222-LAX-BOS,2653.0,2371.0,2670.0,2350.0
2011-12-01 - AA-222-LAX-BOS,2653.0,2371.0,2670.0,2350.0
2011-12-01 - AA-222-LAX-BOS,2653.0,2371.0,2670.0,2350.0
2011-12-01 - AA-222-LAX-BOS,2653.0,2371.0,2670.0,2350.0
2011-12-01 - AA-222-LAX-BOS,2653.0,2371.0,2670.0,2350.0
2011-12-01 - AA-222-LAX-BOS,2653.0,2371.0,2670.0,2350.0
2011-12-01 - AA-222-LAX-BOS,2653.0,2371.0,2670.0,2350.0
2011-12-01 - AA-222-LAX-BOS,2653.0,2371.0,2670.0,2350.0
2011-12-01 - AA-222-LAX-BOS,2653.0,2371.0,2670.0,2350.0
2011-12-01 - AA-222-LAX-BOS,2653.0,2371.0,2670.0,2350.0
2011-12-01 - AA-222-LAX-BOS,2653.0,2371.0,2670.0,2350.0
2011-12-01 - AA-222-LAX-BOS,2653.0,2371.0,2670.0,2350.0
2011-12-01 - AA-222-LAX-BOS,2653.0,2371.0,2670.0,2350.0
2011-12-01 - AA-222-LAX-BOS,2653.0,2371.0,2670.0,2350.0
2011-12-01 - AA-222-LAX-BOS,2653.0,2371.0,2670.0,2350.0
2011-12-01 - AA-222-LAX-BOS,2653.0,2371.0,2670.0,2350.0
2011-12-01 - AA-222-LAX-BOS,2653.0,2371.0,2670.0,2350.0
2011-12-01 - AA-2312-DFW-DTW,3174.0,3044.0,3170.0,3025.0
2011-12-01 - AA-2312-DFW-DTW,3174.0,3044.0,3170.0,3025.0
2011-12-01 - AA-2312-DFW-DTW,3174.0,3044.0,3170.0,3025.0
2011-12-01 - AA-2312-DFW-DTW,3174.0,3044.0,3170.0,3025.0
2011-12-01 - AA-2312-DFW-DTW,3174.0,3044.0,3170.0,3025.0
2011-12-01 - AA-2312-DFW-DTW,3174.0,3044.0,3170.0,3025.0
2011-12-01 - AA-2312-DFW-DTW,3174.0,3044.0,3170.0,3025.0
2011-12-01 - AA-2312-DFW-DTW,3174.0,3044.0,3170.0,3025.0
2011-12-01 - AA-2312-DFW-DTW,3174.0,3044.0,3170.0,3025.0
2011-12-01 - AA-2312-DFW-DTW,3174.0,3044.0,3170.0,3025.0
2011-12-01 - AA-2312-DFW-DTW,3174.0,3044.0,3170.0,3025.0
2011-12-01 - AA-2312-DFW-DTW,3174.0,3044.0,3170.0,3025.0
2011-12-01 - AA-2312-DFW-DTW,3174.0,3044.0,3170.0,3025.0
2011-12-01 - AA-2312-DFW-DTW,3174.0,3044.0,3170.0,3025.0
2011-12-01 - AA-2312-DFW-DTW,3174.0,3044.0,3170.0,3025.0
2011-12-01 - AA-2312-DFW-DTW,3174.0,3044.0,3170.0,3025.0
2011-12-01 - AA-2312-DFW-DTW,3174.0,3044.0,3170.0,3025.0
2011-12-01 - AA-2312-DFW-DTW,3174.0,3044.0,3170.0,3025.0
2011-12-01 - AA-2312-DFW-DTW,3174.0,3044.0,3170.0,3025.0
2011-12-01 - AA-2312-DFW-DTW,3174.0,3044.0,3170.0,3025.0
2011-12-01 - AA-2312-DFW-DTW,3174.0,3044.0,3170.0,3025.0
2011-12-01 - AA-2312-DFW-DTW,3174.0,3044.0,3170.0,3025.0
2011-12-01 - AA-2312-DFW-DTW,3174.0,3044.0,3170.0,3025.0
2011-12-01 - AA-2312-DFW-DTW,3174.0,3044.0,3170.0,3025.0
2011-12-01 - AA-2312-DFW-DTW,3174.0,3044.0,3170.0,3025.0
2011-12-01 - AA-2312-DFW-DTW,3174.0,3044.0,3170.0,3025.0
2011-12-01 - AA-2312-DFW-DTW,3174.0,3044.0,3170.0,3025.0
2011-12-01 - AA-3804-PHL-ORD,2740.0,2624.0,2765.0,2615.0
2011-12-01 - AA-3804-PHL-ORD,2740.0,2624.0,2765.0,2615.0
2011-12-01 - AA-3804-PHL-ORD,2740.0,2624.0,2765.0,2615.0
2011-12-01 - AA-3804-PHL-ORD,2740.0,2624.0,2765.0,2615.0
2011-12-01 - AA-3804-PHL-ORD,2740.0,2624.0,2765.0,2615.0
2011-12-01 - AA-3804-PHL-ORD,2740.0,2624.0,2765.0,2615.0
2011-12-01 - AA-3804-PHL-ORD,2740.0,2624.0,2765.0,2615.0
2011-12-01 - AA-3804-PHL-ORD,2740.0,2624.0,2765.0,2615.0
2011-12-01 - AA-3804-PHL-ORD,2740.0,2624.0,2765.0,2615.0
2011-12-01 - AA-3804-PHL-ORD,2740.0,2624.0,2765.0,2615.0
2011-12-01 - AA-3804-PHL-ORD,2740.0,2624.0,2765.0,2615.0
2011-12-01 - AA-3804-PHL-ORD,2740.0,2624.0,2765.0,2615.0
2011-12-01 - AA-3804-PHL-ORD,2740.0,2624.0,2765.0,2615.0
2011-12-01 - AA-3804-PHL-ORD,2740.0,2624.0,2765.0,2615.0
2011-12-01 - AA-3804-PHL-ORD,2740.0,2624.0,2765.0,2615.0
2011-12-01 - AA-3804-PHL-ORD,2740.0,2624.0,2765.0,2615.0
2011-12-01 - AA-3804-PHL-ORD,2740.0,2624.0,2765.0,2615.0
2011-12-01 - AA-3804-PHL-ORD,2740.0,2624.0,2765.0,2615.0
2011-12-01 - AA-3804-PHL-ORD,2740.0,2624.0,2765.0,2615.0
2011-12-01 - AA-3804-PHL-ORD,2740.0,2624.0,2765.0,2615.0
2011-12-01 - AA-3804-PHL-ORD,2740.0,2624.0,2765.0,2615.0
2011-12-01 - AA-3804-PHL-ORD,2740.0,2624.0,2765.0,2615.0
2011-12-01 - AA-3804-PHL-ORD,2740.0,2624.0,2765.0,2615.0
2011-12-01 - AA-3804-PHL-ORD,2740.0,2624.0,2765.0,2615.0
2011-12-01 - AA-3804-PHL-ORD,2740.0,2624.0,2765.0,2615.0
2011-12-01 - AA-3804-PHL-ORD,2740.0,2624.0,2765.0,2615.0
2011-12-01 - AA-3804-PHL-ORD,2740.0,2624.0,2765.0,2615.0
2011-12-01 - AA-3823-LAX-DEN,3289.0,3186.0,3315.0,3180.0
2011-12-01 - AA-3823-LAX-DEN,3289.0,3186.0,3315.0,3180.0
2011-12-01 - AA-3823-LAX-DEN,3289.0,3186.0,3315.0,3180.0
2011-12-01 - AA-3823-LAX-DEN,3289.0,3186.0,3315.0,3180.0
2011-12-01 - AA-3823-LAX-DEN,3289.0,3186.0,3315.0,3180.0
2011-12-01 - AA-3823-LAX-DEN,3289.0,3186.0,3315.0,3180.0
2011-12-01 - AA-3823-LAX-DEN,3289.0,3186.0,3315.0,3180.0
2011-12-01 - AA-3823-LAX-DEN,3289.0,3186.0,3315.0,3180.0
2011-12-01 - AA-3823-LAX-DEN,3289.0,3186.0,3315.0,3180.0
2011-12-01 - AA-3823-LAX-DEN,3289.0,3186.0,3315.0,3180.0
2011-12-01 - AA-3823-LAX-DEN,3289.0,3186.0,3315.0,3180.0
2011-12-01 - AA-3823-LAX-DEN,3289.0,3186.0,3315.0,3180.0
2011-12-01 - AA-3823-LAX-DEN,3289.0,3186.0,3315.0,3180.0
2011-12-01 - AA-3823-LAX-DEN,3289.0,3186.0,3315.0,3180.0
2011-12-01 - AA-3823-LAX-DEN,3289.0,3186.0,3315.0,3180.0
2011-12-01 - AA-3823-LAX-DEN,3289.0,3186.0,3315.0,3180.0
2011-12-01 - AA-3823-LAX-DEN,3289.0,3186.0,3315.0,3180.0
2011-12-01 - AA-3823-LAX-DEN,3289.0,3186.0,3315.0,3180.0
2011-12-01 - AA-3823-LAX-DEN,3289.0,3186.0,3315.0,3180.0
2011-12-01 - AA-3823-LAX-DEN,3289.0,3186.0,3315.0,3180.0
2011-12-01 - AA-3823-LAX-DEN,3289.0,3186.0,3315.0,3180.0
2011-12-01 - AA-3823-LAX-DEN,3289.0,3186.0,3315.0,3180.0
2011-12-01 - AA-3823-LAX-DEN,3289.0,3186.0,3315.0,3180.0
2011-12-01 - AA-3823-LAX-DEN,3289.0,3186.0,3315.0,3180.0
2011-12-01 - AA-3823-LAX-DEN,3289.0,3186.0,3315.0,3180.0
2011-12-01 - AA-3823-LAX-DEN,3289.0,3186.0,3315.0,3180.0
2011-12-01 - AA-3823-LAX-DEN,3289.0,3186.0,3315.0,3180.0
2011-12-01 - AA-400-DFW-JFK,2644.0,2462.0,2639.0,2440.0
2011-12-01 - AA-400-DFW-JFK,2644.0,2462.0,2639.0,2440.0
2011-12-01 - AA-400-DFW-JFK,2644.0,2462.0,2639.0,2440.0
2011-12-01 - AA-400-DFW-JFK,2644.0,2462.0,2639.0,2440.0
2011-12-01 - AA-400-DFW-JFK,2644.0,2462.0,2639.0,2440.0
2011-12-01 - AA-400-DFW-JFK,2644.0,2462.0,2639.0,2440.0
2011-12-01 - AA-400-DFW-JFK,2644.0,2462.0,2639.0,2440.0
2011-12-01 - AA-400-DFW-JFK,2644.0,2462.0,2639.0,2440.0
2011-12-01 - AA-400-DFW-JFK,2644.0,2462.0,2639.0,2440.0
2011-12-01 - AA-400-DFW-JFK,2644.0,2462.0,2639.0,2440.0
2011-12-01 - AA-400-DFW-JFK,2644.0,2462.0,2639.0,2440.0
2011-12-01 - AA-400-DFW-JFK,2644.0,2462.0,2639.0,2440.0
2011-12-01 - AA-400-DFW-JFK,2644.0,2462.0,2639.0,2440.0
2011-12-01 - AA-400-DFW-JFK,2644.0,2462.0,2639.0,2440.0
2011-12-01 - AA-400-DFW-JFK,2644.0,2462.0,2639.0,2440.0
2011-12-01 - AA-400-DFW-JFK,2644.0,2462.0,2639.0,2440.0
2011-12-01 - AA-400-DFW-JFK,2644.0,2462.0,2639.0,2440.0
2011-12-01 - AA-400-DFW-JFK,2644.0,2462.0,2639.0,2440.0
2011-12-01 - AA-400-DFW-JFK,2644.0,2462.0,2639.0,2440.0
2011-12-01 - AA-400-DFW-JFK,2644.0,2462.0,2639.0,2440.0
2011-12-01 - AA-400-DFW-JFK,2644.0,2462.0,2639.0,2440.0
2011-12-01 - AA-400-DFW-JFK,2644.0,2462.0,2639.0,2440.0
2011-12-01 - AA-400-DFW-JFK,2644.0,2462.0,2639.0,2440.0
2011-12-01 - AA-400-DFW-JFK,2644.0,2462.0,2639.0,2440.0
2011-12-01 - AA-4277-CVG-JFK,2563.0,2470.0,2595.0,2470.0
2011-12-01 - AA-4277-CVG-JFK,2563.0,2470.0,2595.0,2470.0
2011-12-01 - AA-4277-CVG-JFK,2563.0,2470.0,2595.0,2470.0
2011-12-01 - AA-4277-CVG-JFK,2563.0,2470.0,2595.0,2470.0
2011-12-01 - AA-4277-CVG-JFK,2563.0,2470.0,2595.0,2470.0
2011-12-01 - AA-4277-CVG-JFK,2563.0,2470.0,2595.0,2470.0
2011-12-01 - AA-4277-CVG-JFK,2563.0,2470.0,2595.0,2470.0
2011-12-01 - AA-4277-CVG-JFK,2563.0,2470.0,2595.0,2470.0
2011-12-01 - AA-4277-CVG-JFK,2563.0,2470.0,2595.0,2470.0
2011-12-01 - AA-4277-CVG-JFK,2563.0,2470.0,2595.0,2470.0
2011-12-01 - AA-4277-CVG-JFK,2563.0,2470.0,2595.0,2470.0
2011-12-01 - AA-4277-CVG-JFK,2563.0,2470.0,2595.0,2470.0
2011-12-01 - AA-4277-CVG-JFK,2563.0,2470.0,2595.0,2470.0
2011-12-01 - AA-4277-CVG-JFK,2563.0,2470.0,2595.0,2470.0
2011-12-01 - AA-4277-CVG-JFK,2563.0,2470.0,2595.0,2470.0
2011-12-01 - AA-4277-CVG-JFK,2563.0,2470.0,2595.0,2470.0
2011-12-01 - AA-4277-CVG-JFK,2563.0,2470.0,2595.0,2470.0
2011-12-01 - AA-4277-CVG-JFK,2563.0,2470.0,2595.0,2470.0
2011-12-01 - AA-4277-CVG-JFK,2563.0,2470.0,2595.0,2470.0
2011-12-01 - AA-4277-CVG-JFK,2563.0,2470.0,2595.0,2470.0
2011-12-01 - AA-4277-CVG-JFK,2563.0,2470.0,2595.0,2470.0
2011-12-01 - AA-4277-CVG-JFK,2563.0,2470.0,2595.0,2470.0
2011-12-01 - AA-4277-CVG-JFK,2563.0,2470.0,2595.0,2470.0
2011-12-01 - AA-4277-CVG-JFK,2563.0,2470.0,2595.0,2470.0
2011-12-01 - AA-4277-CVG-JFK,2563.0,2470.0,2595.0,2470.0
2011-12-01 - AA-4277-CVG-JFK,2563.0,2470.0,2595.0,2470.0
2011-12-01 - AA-431-MIA-SFO,2624.0,2271.0,2630.0,2255.0
2011-12-01 - AA-431-MIA-SFO,2624.0,2271.0,2630.0,2255.0
2011-12-01 - AA-431-MIA-SFO,2624.0,2271.0,2630.0,2255.0
2011-12-01 - AA-431-MIA-SFO,2624.0,2271.0,2630.0,2255.0
2011-12-01 - AA-431-MIA-SFO,2624.0,2271.0,2630.0,2255.0
2011-12-01 - AA-431-MIA-SFO,2624.0,2271.0,2630.0,2255.0
2011-12-01 - AA-431-MIA-SFO,2624.0,2271.0,2630.0,2255.0
2011-12-01 - AA-431-MIA-SFO,2624.0,2271.0,2630.0,2255.0
2011-12-01 - AA-431-MIA-SFO,2624.0,2271.0,2630.0,2255.0
2011-12-01 - AA-431-MIA-SFO,2624.0,2271.0,2630.0,2255.0
2011-12-01 - AA-431-MIA-SFO,2624.0,2271.0,2630.0,2255.0
2011-12-01 - AA-431-MIA-SFO,2624.0,2271.0,2630.0,2255.0
2011-12-01 - AA-431-MIA-SFO,2624.0,2271.0,2630.0,2255.0
2011-12-01 - AA-431-MIA-SFO,2624.0,2271.0,2630.0,2255.0
2011-12-01 - AA-431-MIA-SFO,2624.0,2271.0,2630.0,2255.0
2011-12-01 - AA-431-MIA-SFO,2624.0,2271.0,2630.0,2255.0
2011-12-01 - AA-431-MIA-SFO,2624.0,2271.0,2630.0,2255.0
2011-12-01 - AA-431-MIA-SFO,2624.0,2271.0,2630.0,2255.0
2011-12-01 - AA-431-MIA-SFO,2624.0,2271.0,2630.0,2255.0
2011-12-01 - AA-431-MIA-SFO,2624.0,2271.0,2630.0,2255.0
2011-12-01 - AA-431-MIA-SFO,2624.0,2271.0,2630.0,2255.0
2011-12-01 - AA-431-MIA-SFO,2624.0,2271.0,2630.0,2255.0
2011-12-01 - AA-431-MIA-SFO,2624.0,2271.0,2630.0,2255.0
2011-12-01 - AA-431-MIA-SFO,2624.0,2271.0,2630.0,2255.0
2011-12-01 - AA-431-MIA-SFO,2624.0,2271.0,2630.0,2255.0
2011-12-01 - AA-431-MIA-SFO,2624.0,2271.0,2630.0,2255.0
2011-12-01 - AA-431-MIA-SFO,2624.0,2271.0,2630.0,2255.0
2011-12-01 - AA-446-DFW-PHL,2709.0,2533.0,2690.0,2510.0
2011-12-01 - AA-446-DFW-PHL,2709.0,2533.0,2690.0,2510.0
2011-12-01 - AA-446-DFW-PHL,2709.0,2533.0,2690.0,2510.0
2011-12-01 - AA-446-DFW-PHL,2709.0,2533.0,2690.0,2510.0
2011-12-01 - AA-446-DFW-PHL,2709.0,2533.0,2690.0,2510.0
2011-12-01 - AA-446-DFW-PHL,2709.0,2533.0,2690.0,2510.0
2011-12-01 - AA-446-DFW-PHL,2709.0,2533.0,2690.0,2510.0
2011-12-01 - AA-446-DFW-PHL,2709.0,2533.0,2690.0,2510.0
2011-12-01 - AA-446-DFW-PHL,2709.0,2533.0,2690.0,2510.0
2011-12-01 - AA-446-DFW-PHL,2709.0,2533.0,2690.0,2510.0
2011-12-01 - AA-446-DFW-PHL,2709.0,2533.0,2690.0,2510.0
2011-12-01 - AA-446-DFW-PHL,2709.0,2533.0,2690.0,2510.0
2011-12-01 - AA-446-DFW-PHL,2709.0,2533.0,2690.0,2510.0
2011-12-01 - AA-446-DFW-PHL,2709.0,2533.0,2690.0,2510.0
2011-12-01 - AA-446-DFW-PHL,2709.0,2533.0,2690.0,2510.0
2011-12-01 - AA-446-DFW-PHL,2709.0,2533.0,2690.0,2510.0
2011-12-01 - AA-446-DFW-PHL,2709.0,2533.0,2690.0,2510.0
2011-12-01 - AA-446-DFW-PHL,2709.0,2533.0,2690.0,2510.0
2011-12-01 - AA-446-DFW-PHL,2709.0,2533.0,2690.0,2510.0
2011-12-01 - AA-446-DFW-PHL,2709.0,2533.0,2690.0,2510.0
2011-12-01 - AA-446-DFW-PHL,2709.0,2533.0,2690.0,2510.0
2011-12-01 - AA-446-DFW-PHL,2709.0,2533.0,2690.0,2510.0
2011-12-01 - AA-446-DFW-PHL,2709.0,2533.0,2690.0,2510.0
2011-12-01 - AA-446-DFW-PHL,2709.0,2533.0,2690.0,2510.0
2011-12-01 - AA-446-DFW-PHL,2709.0,2533.0,2690.0,2510.0
2011-12-01 - AA-446-DFW-PHL,2709.0,2533.0,2690.0,2510.0
2011-12-01 - AA-466-IAH-MIA,2285.0,2168.0,2300.0,2160.0
2011-12-01 - AA-466-IAH-MIA,2285.0,2168.0,2300.0,2160.0
2011-12-01 - AA-466-IAH-MIA,2285.0,2168.0,2300.0,2160.0
2011-12-01 - AA-466-IAH-MIA,2285.0,2168.0,2300.0,2160.0
2011-12-01 - AA-466-IAH-MIA,2285.0,2168.0,2300.0,2160.0
2011-12-01 - AA-466-IAH-MIA,2285.0,2168.0,2300.0,2160.0
2011-12-01 - AA-466-IAH-MIA,2285.0,2168.0,2300.0,2160.0
2011-12-01 - AA-466-IAH-MIA,2285.0,2168.0,2300.0,2160.0
2011-12-01 - AA-466-IAH-MIA,2285.0,2168.0,2300.0,2160.0
2011-12-01 - AA-466-IAH-MIA,2285.0,2168.0,2300.0,2160.0
2011-12-01 - AA-466-IAH-MIA,2285.0,2168.0,2300.0,2160.0
2011-12-01 - AA-466-IAH-MIA,2285.0,2168.0,2300.0,2160.0
2011-12-01 - AA-466-IAH-MIA,2285.0,2168.0,2300.0,2160.0
2011-12-01 - AA-466-IAH-MIA,2285.0,2168.0,2300.0,2160.0
2011-12-01 - AA-466-IAH-MIA,2285.0,2168.0,2300.0,2160.0
2011-12-01 - AA-466-IAH-MIA,2285.0,2168.0,2300.0,2160.0
2011-12-01 - AA-466-IAH-MIA,2285.0,2168.0,2300.0,2160.0
2011-12-01 - AA-466-IAH-MIA,2285.0,2168.0,2300.0,2160.0
2011-12-01 - AA-466-IAH-MIA,2285.0,2168.0,2300.0,2160.0
2011-12-01 - AA-466-IAH-MIA,2285.0,2168.0,2300.0,2160.0
2011-12-01 - AA-466-IAH-MIA,2285.0,2168.0,2300.0,2160.0
2011-12-01 - AA-466-IAH-MIA,2285.0,2168.0,2300.0,2160.0
2011-12-01 - AA-466-IAH-MIA,2285.0,2168.0,2300.0,2160.0
2011-12-01 - AA-466-IAH-MIA,2285.0,2168.0,2300.0,2160.0
2011-12-01 - AA-466-IAH-MIA,2285.0,2168.0,2300.0,2160.0
2011-12-01 - AA-466-IAH-MIA,2285.0,2168.0,2300.0,2160.0
2011-12-01 - AA-466-IAH-MIA,2285.0,2168.0,2300.0,2160.0
2011-12-01 - AA-484-DFW-MIA,2919.0,2789.0,2935.0,2775.0
2011-12-01 - AA-484-DFW-MIA,2919.0,2789.0,2935.0,2775.0
2011-12-01 - AA-484-DFW-MIA,2919.0,2789.0,2935.0,2775.0
2011-12-01 - AA-484-DFW-MIA,2919.0,2789.0,2935.0,2775.0
2011-12-01 - AA-484-DFW-MIA,2919.0,2789.0,2935.0,2775.0
2011-12-01 - AA-484-DFW-MIA,2919.0,2789.0,2935.0,2775.0
2011-12-01 - AA-484-DFW-MIA,2919.0,2789.0,2935.0,2775.0
2011-12-01 - AA-484-DFW-MIA,2919.0,2789.0,2935.0,2775.0
2011-12-01 - AA-484-DFW-MIA,2919.0,2789.0,2935.0,2775.0
2011-12-01 - AA-484-DFW-MIA,2919.0,2789.0,2935.0,2775.0
2011-12-01 - AA-484-DFW-MIA,2919.0,2789.0,2935.0,2775.0
2011-12-01 - AA-484-DFW-MIA,2919.0,2789.0,2935.0,2775.0
2011-12-01 - AA-484-DFW-MIA,2919.0,2789.0,2935.0,2775.0
2011-12-01 - AA-484-DFW-MIA,2919.0,2789.0,2935.0,2775.0
2011-12-01 - AA-484-DFW-MIA,2919.0,2789.0,2935.0,2775.0
2011-12-01 - AA-484-DFW-MIA,2919.0,2789.0,2935.0,2775.0
2011-12-01 - AA-484-DFW-MIA,2919.0,2789.0,2935.0,2775.0
2011-12-01 - AA-484-DFW-MIA,2919.0,2789.0,2935.0,2775.0
2011-12-01 - AA-484-DFW-MIA,2919.0,2789.0,2935.0,2775.0
2011-12-01 - AA-484-DFW-MIA,2919.0,2789.0,2935.0,2775.0
2011-12-01 - AA-484-DFW-MIA,2919.0,2789.0,2935.0,2775.0
2011-12-01 - AA-484-DFW-MIA,2919.0,2789.0,2935.0,2775.0
2011-12-01 - AA-484-DFW-MIA,2919.0,2789.0,2935.0,2775.0
2011-12-01 - AA-484-DFW-MIA,2919.0,2789.0,2935.0,2775.0
2011-12-01 - AA-484-DFW-MIA,2919.0,2789.0,2935.0,2775.0
2011-12-01 - AA-484-DFW-MIA,2919.0,2789.0,2935.0,2775.0
2011-12-01 - AA-59-JFK-SFO,2592.0,2199.0,2565.0,2170.0
2011-12-01 - AA-59-JFK-SFO,2592.0,2199.0,2565.0,2170.0
2011-12-01 - AA-59-JFK-SFO,2592.0,2199.0,2565.0,2170.0
2011-12-01 - AA-59-JFK-SFO,2592.0,2199.0,2565.0,2170.0
2011-12-01 - AA-59-JFK-SFO,2592.0,2199.0,2565.0,2170.0
2011-12-01 - AA-59-JFK-SFO,2592.0,2199.0,2565.0,2170.0
2011-12-01 - AA-59-JFK-SFO,2592.0,2199.0,2565.0,2170.0
2011-12-01 - AA-59-JFK-SFO,2592.0,2199.0,2565.0,2170.0
2011-12-01 - AA-59-JFK-SFO,2592.0,2199.0,2565.0,2170.0
2011-12-01 - AA-59-JFK-SFO,2592.0,2199.0,2565.0,2170.0
2011-12-01 - AA-59-JFK-SFO,2592.0,2199.0,2565.0,2170.0
2011-12-01 - AA-59-JFK-SFO,2592.0,2199.0,2565.0,2170.0
2011-12-01 - AA-59-JFK-SFO,2592.0,2199.0,2565.0,2170.0
2011-12-01 - AA-59-JFK-SFO,2592.0,2199.0,2565.0,2170.0
2011-12-01 - AA-59-JFK-SFO,2592.0,2199.0,2565.0,2170.0
2011-12-01 - AA-59-JFK-SFO,2592.0,2199.0,2565.0,2170.0
2011-12-01 - AA-59-JFK-SFO,2592.0,2199.0,2565.0,2170.0
2011-12-01 - AA-59-JFK-SFO,2592.0,2199.0,2565.0,2170.0
2011-12-01 - AA-59-JFK-SFO,2592.0,2199.0,2565.0,2170.0
2011-12-01 - AA-59-JFK-SFO,2592.0,2199.0,2565.0,2170.0
2011-12-01 - AA-59-JFK-SFO,2592.0,2199.0,2565.0,2170.0
2011-12-01 - AA-59-JFK-SFO,2592.0,2199.0,2565.0,2170.0
2011-12-01 - AA-59-JFK-SFO,2592.0,2199.0,2565.0,2170.0
2011-12-01 - AA-59-JFK-SFO,2592.0,2199.0,2565.0,2170.0
2011-12-01 - AA-59-JFK-SFO,2592.0,2199.0,2565.0,2170.0
2011-12-01 - AA-59-JFK-SFO,2592.0,2199.0,2565.0,2170.0
2011-12-01 - AA-59-JFK-SFO,2592.0,2199.0,2565.0,2170.0
2011-12-01 - AA-59-JFK-SFO,2592.0,2199.0,2565.0,2170.0
2011-12-01 - AA-59-JFK-SFO,2592.0,2199.0,2565.0,2170.0
2011-12-01 - CO-1193-EWR-MCO,2469.0,2294.0,2478.0,2295.0
2011-12-01 - CO-1193-EWR-MCO,2469.0,2294.0,2478.0,2295.0
2011-12-01 - CO-1193-EWR-MCO,2469.0,2294.0,2478.0,2295.0
2011-12-01 - CO-1193-EWR-MCO,2469.0,2294.0,2478.0,2295.0
2011-12-01 - CO-1193-EWR-MCO,2469.0,2294.0,2478.0,2295.0
2011-12-01 - CO-1193-EWR-MCO,2469.0,2294.0,2478.0,2295.0
2011-12-01 - CO-1193-EWR-MCO,2469.0,2294.0,2478.0,2295.0
2011-12-01 - CO-1193-EWR-MCO,2469.0,2294.0,2478.0,2295.0
2011-12-01 - CO-1193-EWR-MCO,2469.0,2294.0,2478.0,2295.0
2011-12-01 - CO-1193-EWR-MCO,2469.0,2294.0,2478.0,2295.0
2011-12-01 - CO-1193-EWR-MCO,2469.0,2294.0,2478.0,2295.0
2011-12-01 - CO-1193-EWR-MCO,2469.0,2294.0,2478.0,2295.0
2011-12-01 - CO-1193-EWR-MCO,2469.0,2294.0,2478.0,2295.0
2011-12-01 - CO-1193-EWR-MCO,2469.0,2294.0,2478.0,2295.0
2011-12-01 - CO-1193-EWR-MCO,2469.0,2294.0,2478.0,2295.0
2011-12-01 - CO-1193-EWR-MCO,2469.0,2294.0,2478.0,2295.0
2011-12-01 - CO-1193-EWR-MCO,2469.0,2294.0,2478.0,2295.0
2011-12-01 - CO-1193-EWR-MCO,2469.0,2294.0,2478.0,2295.0
2011-12-01 - CO-1193-EWR-MCO,2469.0,2294.0,2478.0,2295.0
2011-12-01 - CO-1193-EWR-MCO,2469.0,2294.0,2478.0,2295.0
2011-12-01 - CO-1193-EWR-MCO,2469.0,2294.0,2478.0,2295.0
2011-12-01 - CO-1193-EWR-MCO,2469.0,2294.0,2478.0,2295.0
2011-12-01 - CO-1193-EWR-MCO,2469.0,2294.0,2478.0,2295.0
2011-12-01 - CO-1193-EWR-MCO,2469.0,2294.0,2478.0,2295.0
2011-12-01 - CO-1193-EWR-MCO,2469.0,2294.0,2478.0,2295.0
2011-12-01 - CO-1193-EWR-MCO,2469.0,2294.0,2478.0,2295.0
2011-12-01 - CO-1250-MIA-IAH,2819.0,2641.0,2808.0,2633.0
2011-12-01 - CO-1250-MIA-IAH,2819.0,2641.0,2808.0,2633.0
2011-12-01 - CO-1250-MIA-IAH,2819.0,2641.0,2808.0,2633.0
2011-12-01 - CO-1250-MIA-IAH,2819.0,2641.0,2808.0,2633.0
2011-12-01 - CO-1250-MIA-IAH,2819.0,2641.0,2808.0,2633.0
2011-12-01 - CO-1250-MIA-IAH,2819.0,2641.0,2808.0,2633.0
2011-12-01 - CO-1250-MIA-IAH,2819.0,2641.0,2808.0,2633.0
2011-12-01 - CO-1250-MIA-IAH,2819.0,2641.0,2808.0,2633.0
2011-12-01 - CO-1250-MIA-IAH,2819.0,2641.0,2808.0,2633.0
2011-12-01 - CO-1250-MIA-IAH,2819.0,2641.0,2808.0,2633.0
2011-12-01 - CO-1250-MIA-IAH,2819.0,2641.0,2808.0,2633.0
2011-12-01 - CO-1250-MIA-IAH,2819.0,2641.0,2808.0,2633.0
2011-12-01 - CO-1250-MIA-IAH,2819.0,2641.0,2808.0,2633.0
2011-12-01 - CO-1250-MIA-IAH,2819.0,2641.0,2808.0,2633.0
2011-12-01 - CO-1250-MIA-IAH,2819.0,2641.0,2808.0,2633.0
2011-12-01 - CO-1250-MIA-IAH,2819.0,2641.0,2808.0,2633.0
2011-12-01 - CO-1250-MIA-IAH,2819.0,2641.0,2808.0,2633.0
2011-12-01 - CO-1250-MIA-IAH,2819.0,2641.0,2808.0,2633.0
2011-12-01 - CO-1250-MIA-IAH,2819.0,2641.0,2808.0,2633.0
2011-12-01 - CO-1250-MIA-IAH,2819.0,2641.0,2808.0,2633.0
2011-12-01 - CO-1250-MIA-IAH,2819.0,2641.0,2808.0,2633.0
2011-12-01 - CO-1250-MIA-IAH,2819.0,2641.0,2808.0,2633.0
2011-12-01 - CO-16-LAX-EWR,2854.0,2548.0,2864.0,2545.0
2011-12-01 - CO-16-LAX-EWR,2854.0,2548.0,2864.0,2545.0
2011-12-01 - CO-16-LAX-EWR,2854.0,2548.0,2864.0,2545.0
2011-12-01 - CO-16-LAX-EWR,2854.0,2548.0,2864.0,2545.0
2011-12-01 - CO-16-LAX-EWR,2854.0,2548.0,2864.0,2545.0
2011-12-01 - CO-16-LAX-EWR,2854.0,2548.0,2864.0,2545.0
2011-12-01 - CO-16-LAX-EWR,2854.0,2548.0,2864.0,2545.0
2011-12-01 - CO-16-LAX-EWR,2854.0,2548.0,2864.0,2545.0
2011-12-01 - CO-16-LAX-EWR,2854.0,2548.0,2864.0,2545.0
2011-12-01 - CO-16-LAX-EWR,2854.0,2548.0,2864.0,2545.0
2011-12-01 - CO-16-LAX-EWR,2854.0,2548.0,2864.0,2545.0
2011-12-01 - CO-16-LAX-EWR,2854.0,2548.0,2864.0,2545.0
2011-12-01 - CO-16-LAX-EWR,2854.0,2548.0,2864.0,2545.0
2011-12-01 - CO-16-LAX-EWR,2854.0,2548.0,2864.0,2545.0
2011-12-01 - CO-16-LAX-EWR,2854.0,2548.0,2864.0,2545.0
2011-12-01 - CO-16-LAX-EWR,2854.0,2548.0,2864.0,2545.0
2011-12-01 - CO-16-LAX-EWR,2854.0,2548.0,2864.0,2545.0
2011-12-01 - CO-16-LAX-EWR,2854.0,2548.0,2864.0,2545.0
2011-12-01 - CO-16-LAX-EWR,2854.0,2548.0,2864.0,2545.0
2011-12-01 - CO-16-LAX-EWR,2854.0,2548.0,2864.0,2545.0
2011-12-01 - CO-16-LAX-EWR,2854.0,2548.0,2864.0,2545.0
2011-12-01 - UA-1500-IAH-GUA,2532.0,2383.0,2505.0,2335.0
2011-12-01 - UA-1500-IAH-GUA,2532.0,2383.0,2505.0,2335.0
2011-12-01 - UA-1500-IAH-GUA,2532.0,2383.0,2505.0,2335.0
2011-12-01 - UA-1500-IAH-GUA,2532.0,2383.0,2505.0,2335.0
2011-12-01 - UA-1500-IAH-GUA,2532.0,2383.0,2505.0,2335.0
2011-12-01 - UA-1500-IAH-GUA,2532.0,2383.0,2505.0,2335.0
2011-12-01 - UA-1500-IAH-GUA,2532.0,2383.0,2505.0,2335.0
2011-12-01 - UA-1500-IAH-GUA,2532.0,2383.0,2505.0,2335.0
2011-12-01 - UA-1500-IAH-GUA,2532.0,2383.0,2505.0,2335.0
2011-12-01 - UA-1500-IAH-GUA,2532.0,2383.0,2505.0,2335.0
2011-12-01 - UA-1500-IAH-GUA,2532.0,2383.0,2505.0,2335.0
2011-12-01 - UA-1500-IAH-GUA,2532.0,2383.0,2505.0,2335.0
2011-12-01 - UA-1500-IAH-GUA,2532.0,2383.0,2505.0,2335.0
2011-12-01 - UA-1500-IAH-GUA,2532.0,2383.0,2505.0,2335.0
2011-12-01 - UA-1500-IAH-GUA,2532.0,2383.0,2505.0,2335.0
2011-12-01 - UA-1500-IAH-GUA,2532.0,2383.0,2505.0,2335.0
2011-12-01 - UA-1500-IAH-GUA,2532.0,2383.0,2505.0,2335.0
2011-12-01 - UA-2314-ATL-PHL,2747.0,2635.0,2760.0,2635.0
2011-12-01 - UA-2314-ATL-PHL,2747.0,2635.0,2760.0,2635.0
2011-12-01 - UA-2314-ATL-PHL,2747.0,2635.0,2760.0,2635.0
2011-12-01 - UA-2314-ATL-PHL,2747.0,2635.0,2760.0,2635.0
2011-12-01 - UA-2314-ATL-PHL,2747.0,2635.0,2760.0,2635.0
2011-12-01 - UA-2314-ATL-PHL,2747.0,2635.0,2760.0,2635.0
2011-12-01 - UA-2314-ATL-PHL,2747.0,2635.0,2760.0,2635.0
2011-12-01 - UA-2314-ATL-PHL,2747.0,2635.0,2760.0,2635.0
2011-12-01 - UA-2314-ATL-PHL,2747.0,2635.0,2760.0,2635.0
2011-12-01 - UA-2314-ATL-PHL,2747.0,2635.0,2760.0,2635.0
2011-12-01 - UA-2314-ATL-PHL,2747.0,2635.0,2760.0,2635.0
2011-12-01 - UA-2314-ATL-PHL,2747.0,2635.0,2760.0,2635.0
2011-12-01 - UA-2314-ATL-PHL,2747.0,2635.0,2760.0,2635.0
2011-12-01 - UA-2314-ATL-PHL,2747.0,2635.0,2760.0,2635.0
2011-12-01 - UA-2314-ATL-PHL,2747.0,2635.0,2760.0,2635.0
2011-12-01 - UA-2314-ATL-PHL,2747.0,2635.0,2760.0,2635.0
2011-12-01 - UA-2314-ATL-PHL,2747.0,2635.0,2760.0,2635.0
2011-12-01 - UA-2314-ATL-PHL,2747.0,2635.0,2760.0,2635.0
2011-12-01 - UA-2314-ATL-PHL,2747.0,2635.0,2760.0,2635.0
2011-12-01 - UA-2314-ATL-PHL,2747.0,2635.0,2760.0,2635.0
2011-12-01 - UA-2314-ATL-PHL,2747.0,2635.0,2760.0,2635.0
2011-12-01 - UA-233-LAX-JFK,1759.0,2910.0,1769.0,2905.0
2011-12-01 - UA-233-LAX-JFK,1759.0,2910.0,1769.0,2905.0
2011-12-01 - UA-233-LAX-JFK,1759.0,2910.0,1769.0,2905.0
2011-12-01 - UA-233-LAX-JFK,1759.0,2910.0,1769.0,2905.0
2011-12-01 - UA-233-LAX-JFK,1759.0,2910.0,1769.0,2905.0
2011-12-01 - UA-233-LAX-JFK,1759.0,2910.0,1769.0,2905.0
2011-12-01 - UA-233-LAX-JFK,1759.0,2910.0,1769.0,2905.0
2011-12-01 - UA-233-LAX-JFK,1759.0,2910.0,1769.0,2905.0
2011-12-01 - UA-233-LAX-JFK,1759.0,2910.0,1769.0,2905.0
2011-12-01 - UA-233-LAX-JFK,1759.0,2910.0,1769.0,2905.0
2011-12-01 - UA-233-LAX-JFK,1759.0,2910.0,1769.0,2905.0
2011-12-01 - UA-233-LAX-JFK,1759.0,2910.0,1769.0,2905.0
2011-12-01 - UA-233-LAX-JFK,1759.0,2910.0,1769.0,2905.0
2011-12-01 - UA-233-LAX-JFK,1759.0,2910.0,1769.0,2905.0
2011-12-01 - UA-233-LAX-JFK,1759.0,2910.0,1769.0,2905.0
2011-12-01 - UA-233-LAX-JFK,1759.0,2910.0,1769.0,2905.0
2011-12-01 - UA-233-LAX-JFK,1759.0,2910.0,1769.0,2905.0
2011-12-01 - UA-233-LAX-JFK,1759.0,2910.0,1769.0,2905.0
2011-12-01 - UA-233-LAX-JFK,1759.0,2910.0,1769.0,2905.0
2011-12-01 - UA-233-LAX-JFK,1759.0,2910.0,1769.0,2905.0
2011-12-01 - UA-233-LAX-JFK,1759.0,2910.0,1769.0,2905.0
2011-12-01 - UA-233-LAX-JFK,1759.0,2910.0,1769.0,2905.0
2011-12-01 - UA-233-LAX-JFK,1759.0,2910.0,1769.0,2905.0
2011-12-01 - UA-233-LAX-JFK,1759.0,2910.0,1769.0,2905.0
2011-12-01 - UA-233-LAX-JFK,1759.0,2910.0,1769.0,2905.0
2011-12-01 - UA-233-LAX-JFK,1759.0,2910.0,1769.0,2905.0
2011-12-01 - UA-233-LAX-JFK,1759.0,2910.0,1769.0,2905.0
2011-12-01 - UA-233-LAX-JFK,1759.0,2910.0,1769.0,2905.0
2011-12-01 - UA-2906-PHL-MCO,2856.0,2745.0,2843.0,2690.0
2011-12-01 - UA-2906-PHL-MCO,2856.0,2745.0,2843.0,2690.0
2011-12-01 - UA-2906-PHL-MCO,2856.0,2745.0,2843.0,2690.0
2011-12-01 - UA-2906-PHL-MCO,2856.0,2745.0,2843.0,2690.0
2011-12-01 - UA-2906-PHL-MCO,2856.0,2745.0,2843.0,2690.0
2011-12-01 - UA-2906-PHL-MCO,2856.0,2745.0,2843.0,2690.0
2011-12-01 - UA-2906-PHL-MCO,2856.0,2745.0,2843.0,2690.0
2011-12-01 - UA-2906-PHL-MCO,2856.0,2745.0,2843.0,2690.0
2011-12-01 - UA-2906-PHL-MCO,2856.0,2745.0,2843.0,2690.0
2011-12-01 - UA-2906-PHL-MCO,2856.0,2745.0,2843.0,2690.0
2011-12-01 - UA-2906-PHL-MCO,2856.0,2745.0,2843.0,2690.0
2011-12-01 - UA-2906-PHL-MCO,2856.0,2745.0,2843.0,2690.0
2011-12-01 - UA-2906-PHL-MCO,2856.0,2745.0,2843.0,2690.0
2011-12-01 - UA-2906-PHL-MCO,2856.0,2745.0,2843.0,2690.0
2011-12-01 - UA-2906-PHL-MCO,2856.0,2745.0,2843.0,2690.0
2011-12-01 - UA-2906-PHL-MCO,2856.0,2745.0,2843.0,2690.0
2011-12-01 - UA-2906-PHL-MCO,2856.0,2745.0,2843.0,2690.0
2011-12-01 - UA-2906-PHL-MCO,2856.0,2745.0,2843.0,2690.0
2011-12-01 - UA-2906-PHL-MCO,2856.0,2745.0,2843.0,2690.0
2011-12-01 - UA-2906-PHL-MCO,2856.0,2745.0,2843.0,2690.0
2011-12-01 - UA-2906-PHL-MCO,2856.0,2745.0,2843.0,2690.0
2011-12-01 - UA-2906-PHL-MCO,2856.0,2745.0,2843.0,2690.0
2011-12-01 - UA-2906-PHL-MCO,2856.0,2745.0,2843.0,2690.0
2011-12-01 - UA-2906-PHL-MCO,2856.0,2745.0,2843.0,2690.0
2011-12-01 - UA-2945-PHL-CLT,2535.0,2451.0,2565.0,2460.0
2011-12-01 - UA-2945-PHL-CLT,2535.0,2451.0,2565.0,2460.0
2011-12-01 - UA-2945-PHL-CLT,2535.0,2451.0,2565.0,2460.0
2011-12-01 - UA-2945-PHL-CLT,2535.0,2451.0,2565.0,2460.0
2011-12-01 - UA-2945-PHL-CLT,2535.0,2451.0,2565.0,2460.0
2011-12-01 - UA-2945-PHL-CLT,2535.0,2451.0,2565.0,2460.0
2011-12-01 - UA-2945-PHL-CLT,2535.0,2451.0,2565.0,2460.0
2011-12-01 - UA-2945-PHL-CLT,2535.0,2451.0,2565.0,2460.0
2011-12-01 - UA-2945-PHL-CLT,2535.0,2451.0,2565.0,2460.0
2011-12-01 - UA-2945-PHL-CLT,2535.0,2451.0,2565.0,2460.0
2011-12-01 - UA-2945-PHL-CLT,2535.0,2451.0,2565.0,2460.0
2011-12-01 - UA-2945-PHL-CLT,2535.0,2451.0,2565.0,2460.0
2011-12-01 - UA-2945-PHL-CLT,2535.0,2451.0,2565.0,2460.0
2011-12-01 - UA-2945-PHL-CLT,2535.0,2451.0,2565.0,2460.0
2011-12-01 - UA-2945-PHL-CLT,2535.0,2451.0,2565.0,2460.0
2011-12-01 - UA-2945-PHL-CLT,2535.0,2451.0,2565.0,2460.0
2011-12-01 - UA-2945-PHL-CLT,2535.0,2451.0,2565.0,2460.0
2011-12-01 - UA-2945-PHL-CLT,2535.0,2451.0,2565.0,2460.0
2011-12-01 - UA-2945-PHL-CLT,2535.0,2451.0,2565.0,2460.0
2011-12-01 - UA-2945-PHL-CLT,2535.0,2451.0,2565.0,2460.0
2011-12-01 - UA-2945-PHL-CLT,2535.0,2451.0,2565.0,2460.0
2011-12-01 - UA-2945-PHL-CLT,2535.0,2451.0,2565.0,2460.0
2011-12-01 - UA-2945-PHL-CLT,2535.0,2451.0,2565.0,2460.0
2011-12-01 - UA-2945-PHL-CLT,2535.0,2451.0,2565.0,2460.0
2011-12-01 - UA-3099-PHX-PHL,2798.0,2563.0,2837.0,2575.0
2011-12-01 - UA-3099-PHX-PHL,2798.0,2563.0,2837.0,2575.0
2011-12-01 - UA-3099-PHX-PHL,2798.0,2563.0,2837.0,2575.0
2011-12-01 - UA-3099-PHX-PHL,2798.0,2563.0,2837.0,2575.0
2011-12-01 - UA-3099-PHX-PHL,2798.0,2563.0,2837.0,2575.0
2011-12-01 - UA-3099-PHX-PHL,2798.0,2563.0,2837.0,2575.0
2011-12-01 - UA-3099-PHX-PHL,2798.0,2563.0,2837.0,2575.0
2011-12-01 - UA-3099-PHX-PHL,2798.0,2563.0,2837.0,2575.0
2011-12-01 - UA-3099-PHX-PHL,2798.0,2563.0,2837.0,2575.0
2011-12-01 - UA-3099-PHX-PHL,2798.0,2563.0,2837.0,2575.0
2011-12-01 - UA-3099-PHX-PHL,2798.0,2563.0,2837.0,2575.0
2011-12-01 - UA-3099-PHX-PHL,2798.0,2563.0,2837.0,2575.0
2011-12-01 - UA-3099-PHX-PHL,2798.0,2563.0,2837.0,2575.0
2011-12-01 - UA-3099-PHX-PHL,2798.0,2563.0,2837.0,2575.0
2011-12-01 - UA-3099-PHX-PHL,2798.0,2563.0,2837.0,2575.0
2011-12-01 - UA-3099-PHX-PHL,2798.0,2563.0,2837.0,2575.0
2011-12-01 - UA-3099-PHX-PHL,2798.0,2563.0,2837.0,2575.0
2011-12-01 - UA-3099-PHX-PHL,2798.0,2563.0,2837.0,2575.0
2011-12-01 - UA-3099-PHX-PHL,2798.0,2563.0,2837.0,2575.0
2011-12-01 - UA-3099-PHX-PHL,2798.0,2563.0,2837.0,2575.0
2011-12-01 - UA-3099-PHX-PHL,2798.0,2563.0,2837.0,2575.0
2011-12-01 - UA-3099-PHX-PHL,2798.0,2563.0,2837.0,2575.0
2011-12-01 - UA-3099-PHX-PHL,2798.0,2563.0,2837.0,2575.0
2011-12-01 - UA-3515-IAD-MSP,2396.0,2246.0,2406.0,2235.0
2011-12-01 - UA-3515-IAD-MSP,2396.0,2246.0,2406.0,2235.0
2011-12-01 - UA-3515-IAD-MSP,2396.0,2246.0,2406.0,2235.0
2011-12-01 - UA-3515-IAD-MSP,2396.0,2246.0,2406.0,2235.0
2011-12-01 - UA-3515-IAD-MSP,2396.0,2246.0,2406.0,2235.0
2011-12-01 - UA-3515-IAD-MSP,2396.0,2246.0,2406.0,2235.0
2011-12-01 - UA-3515-IAD-MSP,2396.0,2246.0,2406.0,2235.0
2011-12-01 - UA-3515-IAD-MSP,2396.0,2246.0,2406.0,2235.0
2011-12-01 - UA-3515-IAD-MSP,2396.0,2246.0,2406.0,2235.0
2011-12-01 - UA-3515-IAD-MSP,2396.0,2246.0,2406.0,2235.0
2011-12-01 - UA-3515-IAD-MSP,2396.0,2246.0,2406.0,2235.0
2011-12-01 - UA-3515-IAD-MSP,2396.0,2246.0,2406.0,2235.0
2011-12-01 - UA-3515-IAD-MSP,2396.0,2246.0,2406.0,2235.0
2011-12-01 - UA-3515-IAD-MSP,2396.0,2246.0,2406.0,2235.0
2011-12-01 - UA-3515-IAD-MSP,2396.0,2246.0,2406.0,2235.0
2011-12-01 - UA-3515-IAD-MSP,2396.0,2246.0,2406.0,2235.0
2011-12-01 - UA-3515-IAD-MSP,2396.0,2246.0,2406.0,2235.0
2011-12-01 - UA-3515-IAD-MSP,2396.0,2246.0,2406.0,2235.0
2011-12-01 - UA-3515-IAD-MSP,2396.0,2246.0,2406.0,2235.0
2011-12-01 - UA-3515-IAD-MSP,2396.0,2246.0,2406.0,2235.0
2011-12-01 - UA-382-IAD-LAX,2831.0,2516.0,2808.0,2490.0
2011-12-01 - UA-382-IAD-LAX,2831.0,2516.0,2808.0,2490.0
2011-12-01 - UA-382-IAD-LAX,2831.0,2516.0,2808.0,2490.0
2011-12-01 - UA-382-IAD-LAX,2831.0,2516.0,2808.0,2490.0
2011-12-01 - UA-382-IAD-LAX,2831.0,2516.0,2808.0,2490.0
2011-12-01 - UA-382-IAD-LAX,2831.0,2516.0,2808.0,2490.0
2011-12-01 - UA-382-IAD-LAX,2831.0,2516.0,2808.0,2490.0
2011-12-01 - UA-382-IAD-LAX,2831.0,2516.0,2808.0,2490.0
2011-12-01 - UA-382-IAD-LAX,2831.0,2516.0,2808.0,2490.0
2011-12-01 - UA-382-IAD-LAX,2831.0,2516.0,2808.0,2490.0
2011-12-01 - UA-382-IAD-LAX,2831.0,2516.0,2808.0,2490.0
2011-12-01 - UA-382-IAD-LAX,2831.0,2516.0,2808.0,2490.0
2011-12-01 - UA-382-IAD-LAX,2831.0,2516.0,2808.0,2490.0
2011-12-01 - UA-382-IAD-LAX,2831.0,2516.0,2808.0,2490.0
2011-12-01 - UA-382-IAD-LAX,2831.0,2516.0,2808.0,2490.0
2011-12-01 - UA-382-IAD-LAX,2831.0,2516.0,2808.0,2490.0
2011-12-01 - UA-382-IAD-LAX,2831.0,2516.0,2808.0,2490.0
2011-12-01 - UA-382-IAD-LAX,2831.0,2516.0,2808.0,2490.0
2011-12-01 - UA-382-IAD-LAX,2831.0,2516.0,2808.0,2490.0
2011-12-01 - UA-382-IAD-LAX,2831.0,2516.0,2808.0,2490.0
2011-12-01 - UA-382-IAD-LAX,2831.0,2516.0,2808.0,2490.0
2011-12-01 - UA-382-IAD-LAX,2831.0,2516.0,2808.0,2490.0
2011-12-01 - UA-382-IAD-LAX,2831.0,2516.0,2808.0,2490.0
2011-12-01 - UA-382-IAD-LAX,2831.0,2516.0,2808.0,2490.0
2011-12-01 - UA-382-IAD-LAX,2831.0,2516.0,2808.0,2490.0
2011-12-01 - UA-382-IAD-LAX,2831.0,2516.0,2808.0,2490.0
2011-12-01 - UA-382-IAD-LAX,2831.0,2516.0,2808.0,2490.0
2011-12-01 - UA-382-IAD-LAX,2831.0,2516.0,2808.0,2490.0
2011-12-01 - UA-382-IAD-LAX,2831.0,2516.0,2808.0,2490.0
2011-12-01 - UA-382-IAD-LAX,2831.0,2516.0,2808.0,2490.0
2011-12-01 - UA-382-IAD-LAX,2831.0,2516.0,2808.0,2490.0
2011-12-01 - UA-382-IAD-LAX,2831.0,2516.0,2808.0,2490.0
2011-12-01 - UA-382-IAD-LAX,2831.0,2516.0,2808.0,2490.0
2011-12-01 - UA-382-IAD-LAX,2831.0,2516.0,2808.0,2490.0
2011-12-01 - UA-382-IAD-LAX,2831.0,2516.0,2808.0,2490.0
2011-12-01 - UA-382-IAD-LAX,2831.0,2516.0,2808.0,2490.0
2011-12-01 - UA-382-IAD-LAX,2831.0,2516.0,2808.0,2490.0
2011-12-01 - UA-382-IAD-LAX,2831.0,2516.0,2808.0,2490.0
2011-12-01 - UA-382-IAD-LAX,2831.0,2516.0,2808.0,2490.0
2011-12-01 - UA-382-IAD-LAX,2831.0,2516.0,2808.0,2490.0
2011-12-01 - UA-382-IAD-LAX,2831.0,2516.0,2808.0,2490.0
2011-12-01 - UA-382-IAD-LAX,2831.0,2516.0,2808.0,2490.0
2011-12-01 - UA-3925-IAD-ORF,2323.0,2271.0,2334.0,2261.0
2011-12-01 - UA-3925-IAD-ORF,2323.0,2271.0,2334.0,2261.0
2011-12-01 - UA-3925-IAD-ORF,2323.0,2271.0,2334.0,2261.0
2011-12-01 - UA-3925-IAD-ORF,2323.0,2271.0,2334.0,2261.0
2011-12-01 - UA-3925-IAD-ORF,2323.0,2271.0,2334.0,2261.0
2011-12-01 - UA-3925-IAD-ORF,2323.0,2271.0,2334.0,2261.0
2011-12-01 - UA-3925-IAD-ORF,2323.0,2271.0,2334.0,2261.0
2011-12-01 - UA-3925-IAD-ORF,2323.0,2271.0,2334.0,2261.0
2011-12-01 - UA-3925-IAD-ORF,2323.0,2271.0,2334.0,2261.0
2011-12-01 - UA-3925-IAD-ORF,2323.0,2271.0,2334.0,2261.0
2011-12-01 - UA-3925-IAD-ORF,2323.0,2271.0,2334.0,2261.0
2011-12-01 - UA-3925-IAD-ORF,2323.0,2271.0,2334.0,2261.0
2011-12-01 - UA-3925-IAD-ORF,2323.0,2271.0,2334.0,2261.0
2011-12-01 - UA-3925-IAD-ORF,2323.0,2271.0,2334.0,2261.0
2011-12-01 - UA-3925-IAD-ORF,2323.0,2271.0,2334.0,2261.0
2011-12-01 - UA-3925-IAD-ORF,2323.0,2271.0,2334.0,2261.0
2011-12-01 - UA-3925-IAD-ORF,2323.0,2271.0,2334.0,2261.0
2011-12-01 - UA-3925-IAD-ORF,2323.0,2271.0,2334.0,2261.0
2011-12-01 - UA-3925-IAD-ORF,2323.0,2271.0,2334.0,2261.0
2011-12-01 - UA-3925-IAD-ORF,2323.0,2271.0,2334.0,2261.0
2011-12-01 - UA-3925-IAD-ORF,2323.0,2271.0,2334.0,2261.0
2011-12-01 - UA-3925-IAD-ORF,2323.0,2271.0,2334.0,2261.0
2011-12-01 - UA-3925-IAD-ORF,2323.0,2271.0,2334.0,2261.0
2011-12-01 - UA-3925-IAD-ORF,2323.0,2271.0,2334.0,2261.0
2011-12-01 - UA-3925-IAD-ORF,2323.0,2271.0,2334.0,2261.0
2011-12-01 - UA-3925-IAD-ORF,2323.0,2271.0,2334.0,2261.0
2011-12-01 - UA-3925-IAD-ORF,2323.0,2271.0,2334.0,2261.0
2011-12-01 - UA-397-JFK-SFO,2638.0,2249.0,2635.0,2220.0
2011-12-01 - UA-397-JFK-SFO,2638.0,2249.0,2635.0,2220.0
2011-12-01 - UA-397-JFK-SFO,2638.0,2249.0,2635.0,2220.0
2011-12-01 - UA-397-JFK-SFO,2638.0,2249.0,2635.0,2220.0
2011-12-01 - UA-397-JFK-SFO,2638.0,2249.0,2635.0,2220.0
2011-12-01 - UA-397-JFK-SFO,2638.0,2249.0,2635.0,2220.0
2011-12-01 - UA-397-JFK-SFO,2638.0,2249.0,2635.0,2220.0
2011-12-01 - UA-397-JFK-SFO,2638.0,2249.0,2635.0,2220.0
2011-12-01 - UA-397-JFK-SFO,2638.0,2249.0,2635.0,2220.0
2011-12-01 - UA-397-JFK-SFO,2638.0,2249.0,2635.0,2220.0
2011-12-01 - UA-397-JFK-SFO,2638.0,2249.0,2635.0,2220.0
2011-12-01 - UA-397-JFK-SFO,2638.0,2249.0,2635.0,2220.0
2011-12-01 - UA-397-JFK-SFO,2638.0,2249.0,2635.0,2220.0
2011-12-01 - UA-397-JFK-SFO,2638.0,2249.0,2635.0,2220.0
2011-12-01 - UA-397-JFK-SFO,2638.0,2249.0,2635.0,2220.0
2011-12-01 - UA-397-JFK-SFO,2638.0,2249.0,2635.0,2220.0
2011-12-01 - UA-397-JFK-SFO,2638.0,2249.0,2635.0,2220.0
2011-12-01 - UA-397-JFK-SFO,2638.0,2249.0,2635.0,2220.0
2011-12-01 - UA-397-JFK-SFO,2638.0,2249.0,2635.0,2220.0
2011-12-01 - UA-397-JFK-SFO,2638.0,2249.0,2635.0,2220.0
2011-12-01 - UA-397-JFK-SFO,2638.0,2249.0,2635.0,2220.0
2011-12-01 - UA-397-JFK-SFO,2638.0,2249.0,2635.0,2220.0
2011-12-01 - UA-414-LAX-SFO,2357.0,2289.0,2363.0,2280.0
2011-12-01 - UA-414-LAX-SFO,2357.0,2289.0,2363.0,2280.0
2011-12-01 - UA-414-LAX-SFO,2357.0,2289.0,2363.0,2280.0
2011-12-01 - UA-414-LAX-SFO,2357.0,2289.0,2363.0,2280.0
2011-12-01 - UA-414-LAX-SFO,2357.0,2289.0,2363.0,2280.0
2011-12-01 - UA-414-LAX-SFO,2357.0,2289.0,2363.0,2280.0
2011-12-01 - UA-414-LAX-SFO,2357.0,2289.0,2363.0,2280.0
2011-12-01 - UA-414-LAX-SFO,2357.0,2289.0,2363.0,2280.0
2011-12-01 - UA-414-LAX-SFO,2357.0,2289.0,2363.0,2280.0
2011-12-01 - UA-414-LAX-SFO,2357.0,2289.0,2363.0,2280.0
2011-12-01 - UA-414-LAX-SFO,2357.0,2289.0,2363.0,2280.0
2011-12-01 - UA-414-LAX-SFO,2357.0,2289.0,2363.0,2280.0
2011-12-01 - UA-414-LAX-SFO,2357.0,2289.0,2363.0,2280.0
2011-12-01 - UA-414-LAX-SFO,2357.0,2289.0,2363.0,2280.0
2011-12-01 - UA-414-LAX-SFO,2357.0,2289.0,2363.0,2280.0
2011-12-01 - UA-414-LAX-SFO,2357.0,2289.0,2363.0,2280.0
2011-12-01 - UA-414-LAX-SFO,2357.0,2289.0,2363.0,2280.0
2011-12-01 - UA-414-LAX-SFO,2357.0,2289.0,2363.0,2280.0
2011-12-01 - UA-414-LAX-SFO,2357.0,2289.0,2363.0,2280.0
2011-12-01 - UA-414-LAX-SFO,2357.0,2289.0,2363.0,2280.0
2011-12-01 - UA-414-LAX-SFO,2357.0,2289.0,2363.0,2280.0
2011-12-01 - UA-414-LAX-SFO,2357.0,2289.0,2363.0,2280.0
2011-12-01 - UA-414-LAX-SFO,2357.0,2289.0,2363.0,2280.0
2011-12-01 - UA-414-LAX-SFO,2357.0,2289.0,2363.0,2280.0
2011-12-01 - UA-62-IAH-EWR,2890.0,2688.0,2883.0,2670.0
2011-12-01 - UA-62-IAH-EWR,2890.0,2688.0,2883.0,2670.0
2011-12-01 - UA-62-IAH-EWR,2890.0,2688.0,2883.0,2670.0
2011-12-01 - UA-62-IAH-EWR,2890.0,2688.0,2883.0,2670.0
2011-12-01 - UA-62-IAH-EWR,2890.0,2688.0,2883.0,2670.0
2011-12-01 - UA-62-IAH-EWR,2890.0,2688.0,2883.0,2670.0
2011-12-01 - UA-62-IAH-EWR,2890.0,2688.0,2883.0,2670.0
2011-12-01 - UA-62-IAH-EWR,2890.0,2688.0,2883.0,2670.0
2011-12-01 - UA-62-IAH-EWR,2890.0,2688.0,2883.0,2670.0
2011-12-01 - UA-62-IAH-EWR,2890.0,2688.0,2883.0,2670.0
2011-12-01 - UA-62-IAH-EWR,2890.0,2688.0,2883.0,2670.0
2011-12-01 - UA-62-IAH-EWR,2890.0,2688.0,2883.0,2670.0
2011-12-01 - UA-62-IAH-EWR,2890.0,2688.0,2883.0,2670.0
2011-12-01 - UA-62-IAH-EWR,2890.0,2688.0,2883.0,2670.0
2011-12-01 - UA-62-IAH-EWR,2890.0,2688.0,2883.0,2670.0
2011-12-01 - UA-62-IAH-EWR,2890.0,2688.0,2883.0,2670.0
2011-12-01 - UA-62-IAH-EWR,2890.0,2688.0,2883.0,2670.0
2011-12-01 - UA-62-IAH-EWR,2890.0,2688.0,2883.0,2670.0
2011-12-01 - UA-62-IAH-EWR,2890.0,2688.0,2883.0,2670.0
2011-12-01 - UA-62-IAH-EWR,2890.0,2688.0,2883.0,2670.0
2011-12-01 - UA-828-SFO-ORD,2121.0,3308.0,3551.0,3308.0
2011-12-01 - UA-828-SFO-ORD,2121.0,3308.0,3551.0,3308.0
2011-12-01 - UA-828-SFO-ORD,2121.0,3308.0,3551.0,3308.0
2011-12-01 - UA-828-SFO-ORD,2121.0,3308.0,3551.0,3308.0
2011-12-01 - UA-828-SFO-ORD,2121.0,3308.0,3551.0,3308.0
2011-12-01 - UA-828-SFO-ORD,2121.0,3308.0,3551.0,3308.0
2011-12-01 - UA-828-SFO-ORD,2121.0,3308.0,3551.0,3308.0
2011-12-01 - UA-828-SFO-ORD,2121.0,3308.0,3551.0,3308.0
2011-12-01 - UA-828-SFO-ORD,2121.0,3308.0,3551.0,3308.0
2011-12-01 - UA-828-SFO-ORD,2121.0,3308.0,3551.0,3308.0
2011-12-01 - UA-828-SFO-ORD,2121.0,3308.0,3551.0,3308.0
2011-12-01 - UA-828-SFO-ORD,2121.0,3308.0,3551.0,3308.0
2011-12-01 - UA-828-SFO-ORD,2121.0,3308.0,3551.0,3308.0
2011-12-01 - UA-828-SFO-ORD,2121.0,3308.0,3551.0,3308.0
2011-12-01 - UA-828-SFO-ORD,2121.0,3308.0,3551.0,3308.0
2011-12-01 - UA-828-SFO-ORD,2121.0,3308.0,3551.0,3308.0
2011-12-01 - UA-828-SFO-ORD,2121.0,3308.0,3551.0,3308.0
2011-12-01 - UA-828-SFO-ORD,2121.0,3308.0,3551.0,3308.0
2011-12-01 - UA-828-SFO-ORD,2121.0,3308.0,3551.0,3308.0
2011-12-01 - UA-828-SFO-ORD,2121.0,3308.0,3551.0,3308.0
2011-12-01 - UA-828-SFO-ORD,2121.0,3308.0,3551.0,3308.0
2011-12-01 - UA-828-SFO-ORD,2121.0,3308.0,3551.0,3308.0
2011-12-01 - UA-828-SFO-ORD,2121.0,3308.0,3551.0,3308.0
2011-12-01 - UA-828-SFO-ORD,2121.0,3308.0,3551.0,3308.0
2011-12-01 - UA-858-PVG-SFO,2402.0,1785.0,2427.0,1785.0
2011-12-01 - UA-858-PVG-SFO,2402.0,1785.0,2427.0,1785.0
2011-12-01 - UA-858-PVG-SFO,2402.0,1785.0,2427.0,1785.0
2011-12-01 - UA-858-PVG-SFO,2402.0,1785.0,2427.0,1785.0
2011-12-01 - UA-858-PVG-SFO,2402.0,1785.0,2427.0,1785.0
2011-12-01 - UA-858-PVG-SFO,2402.0,1785.0,2427.0,1785.0
2011-12-01 - UA-858-PVG-SFO,2402.0,1785.0,2427.0,1785.0
2011-12-01 - UA-858-PVG-SFO,2402.0,1785.0,2427.0,1785.0
2011-12-01 - UA-858-PVG-SFO,2402.0,1785.0,2427.0,1785.0
2011-12-01 - UA-858-PVG-SFO,2402.0,1785.0,2427.0,1785.0
2011-12-01 - UA-858-PVG-SFO,2402.0,1785.0,2427.0,1785.0
2011-12-01 - UA-858-PVG-SFO,2402.0,1785.0,2427.0,1785.0
2011-12-01 - UA-858-PVG-SFO,2402.0,1785.0,2427.0,1785.0
2011-12-01 - UA-858-PVG-SFO,2402.0,1785.0,2427.0,1785.0
2011-12-01 - UA-858-PVG-SFO,2402.0,1785.0,2427.0,1785.0
2011-12-01 - UA-858-PVG-SFO,2402.0,1785.0,2427.0,1785.0
2011-12-01 - UA-858-PVG-SFO,2402.0,1785.0,2427.0,1785.0
2011-12-01 - UA-858-PVG-SFO,2402.0,1785.0,2427.0,1785.0
2011-12-01 - UA-938-DEN-ORD,2976.0,2835.0,2975.0,2836.0
2011-12-01 - UA-938-DEN-ORD,2976.0,2835.0,2975.0,2836.0
2011-12-01 - UA-938-DEN-ORD,2976.0,2835.0,2975.0,2836.0
2011-12-01 - UA-938-DEN-ORD,2976.0,2835.0,2975.0,2836.0
2011-12-01 - UA-938-DEN-ORD,2976.0,2835.0,2975.0,2836.0
2011-12-01 - UA-938-DEN-ORD,2976.0,2835.0,2975.0,2836.0
2011-12-01 - UA-938-DEN-ORD,2976.0,2835.0,2975.0,2836.0
2011-12-01 - UA-938-DEN-ORD,2976.0,2835.0,2975.0,2836.0
2011-12-01 - UA-938-DEN-ORD,2976.0,2835.0,2975.0,2836.0
2011-12-01 - UA-938-DEN-ORD,2976.0,2835.0,2975.0,2836.0
2011-12-01 - UA-938-DEN-ORD,2976.0,2835.0,2975.0,2836.0
2011-12-01 - UA-938-DEN-ORD,2976.0,2835.0,2975.0,2836.0
2011-12-01 - UA-938-DEN-ORD,2976.0,2835.0,2975.0,2836.0
2011-12-01 - UA-938-DEN-ORD,2976.0,2835.0,2975.0,2836.0
2011-12-01 - UA-938-DEN-ORD,2976.0,2835.0,2975.0,2836.0
2011-12-01 - UA-938-DEN-ORD,2976.0,2835.0,2975.0,2836.0
2011-12-01 - UA-938-DEN-ORD,2976.0,2835.0,2975.0,2836.0
2011-12-01 - UA-938-DEN-ORD,2976.0,2835.0,2975.0,2836.0
2011-12-01 - UA-938-DEN-ORD,2976.0,2835.0,2975.0,2836.0
2011-12-01 - UA-938-DEN-ORD,2976.0,2835.0,2975.0,2836.0
2011-12-01 - UA-938-DEN-ORD,2976.0,2835.0,2975.0,2836.0
2011-12-01 - UA-938-DEN-ORD,2976.0,2835.0,2975.0,2836.0
2011-12-01 - UA-938-DEN-ORD,2976.0,2835.0,2975.0,2836.0
2011-12-02 - AA-1007-MIA-PHX,4518.0,4228.0,4505.0,4195.0
2011-12-02 - AA-1007-MIA-PHX,4518.0,4228.0,4505.0,4195.0
2011-12-02 - AA-1007-MIA-PHX,4518.0,4228.0,4505.0,4195.0
2011-12-02 - AA-1007-MIA-PHX,4518.0,4228.0,4505.0,4195.0
2011-12-02 - AA-1007-MIA-PHX,4518.0,4228.0,4505.0,4195.0
2011-12-02 - AA-1007-MIA-PHX,4518.0,4228.0,4505.0,4195.0
2011-12-02 - AA-1007-MIA-PHX,4518.0,4228.0,4505.0,4195.0
2011-12-02 - AA-1007-MIA-PHX,4518.0,4228.0,4505.0,4195.0
2011-12-02 - AA-1007-MIA-PHX,4518.0,4228.0,4505.0,4195.0
2011-12-02 - AA-1007-MIA-PHX,4518.0,4228.0,4505.0,4195.0
2011-12-02 - AA-1007-MIA-PHX,4518.0,4228.0,4505.0,4195.0
2011-12-02 - AA-1007-MIA-PHX,4518.0,4228.0,4505.0,4195.0
2011-12-02 - AA-1007-MIA-PHX,4518.0,4228.0,4505.0,4195.0
2011-12-02 - AA-1007-MIA-PHX,4518.0,4228.0,4505.0,4195.0
2011-12-02 - AA-1007-MIA-PHX,4518.0,4228.0,4505.0,4195.0
2011-12-02 - AA-1007-MIA-PHX,4518.0,4228.0,4505.0,4195.0
2011-12-02 - AA-1007-MIA-PHX,4518.0,4228.0,4505.0,4195.0
2011-12-02 - AA-1007-MIA-PHX,4518.0,4228.0,4505.0,4195.0
2011-12-02 - AA-1007-MIA-PHX,4518.0,4228.0,4505.0,4195.0
2011-12-02 - AA-1007-MIA-PHX,4518.0,4228.0,4505.0,4195.0
2011-12-02 - AA-1007-MIA-PHX,4518.0,4228.0,4505.0,4195.0
2011-12-02 - AA-1165-JFK-MIA,3795.0,3638.0,3814.0,3599.0
2011-12-02 - AA-1165-JFK-MIA,3795.0,3638.0,3814.0,3599.0
2011-12-02 - AA-1165-JFK-MIA,3795.0,3638.0,3814.0,3599.0
2011-12-02 - AA-1165-JFK-MIA,3795.0,3638.0,3814.0,3599.0
2011-12-02 - AA-1165-JFK-MIA,3795.0,3638.0,3814.0,3599.0
2011-12-02 - AA-1165-JFK-MIA,3795.0,3638.0,3814.0,3599.0
2011-12-02 - AA-1165-JFK-MIA,3795.0,3638.0,3814.0,3599.0
2011-12-02 - AA-1165-JFK-MIA,3795.0,3638.0,3814.0,3599.0
2011-12-02 - AA-1165-JFK-MIA,3795.0,3638.0,3814.0,3599.0
2011-12-02 - AA-1165-JFK-MIA,3795.0,3638.0,3814.0,3599.0
2011-12-02 - AA-1165-JFK-MIA,3795.0,3638.0,3814.0,3599.0
2011-12-02 - AA-1165-JFK-MIA,3795.0,3638.0,3814.0,3599.0
2011-12-02 - AA-1165-JFK-MIA,3795.0,3638.0,3814.0,3599.0
2011-12-02 - AA-1165-JFK-MIA,3795.0,3638.0,3814.0,3599.0
2011-12-02 - AA-1165-JFK-MIA,3795.0,3638.0,3814.0,3599.0
2011-12-02 - AA-1165-JFK-MIA,3795.0,3638.0,3814.0,3599.0
2011-12-02 - AA-1165-JFK-MIA,3795.0,3638.0,3814.0,3599.0
2011-12-02 - AA-1165-JFK-MIA,3795.0,3638.0,3814.0,3599.0
2011-12-02 - AA-1165-JFK-MIA,3795.0,3638.0,3814.0,3599.0
2011-12-02 - AA-1165-JFK-MIA,3795.0,3638.0,3814.0,3599.0
2011-12-02 - AA-1165-JFK-MIA,3795.0,3638.0,3814.0,3599.0
2011-12-02 - AA-1165-JFK-MIA,3795.0,3638.0,3814.0,3599.0
2011-12-02 - AA-1165-JFK-MIA,3795.0,3638.0,3814.0,3599.0
2011-12-02 - AA-1165-JFK-MIA,3795.0,3638.0,3814.0,3599.0
2011-12-02 - AA-1165-JFK-MIA,3795.0,3638.0,3814.0,3599.0
2011-12-02 - AA-1165-JFK-MIA,3795.0,3638.0,3814.0,3599.0
2011-12-02 - AA-1279-DFW-PHX,4186.0,4050.0,4175.0,4020.0
2011-12-02 - AA-1279-DFW-PHX,4186.0,4050.0,4175.0,4020.0
2011-12-02 - AA-1279-DFW-PHX,4186.0,4050.0,4175.0,4020.0
2011-12-02 - AA-1279-DFW-PHX,4186.0,4050.0,4175.0,4020.0
2011-12-02 - AA-1279-DFW-PHX,4186.0,4050.0,4175.0,4020.0
2011-12-02 - AA-1279-DFW-PHX,4186.0,4050.0,4175.0,4020.0
2011-12-02 - AA-1279-DFW-PHX,4186.0,4050.0,4175.0,4020.0
2011-12-02 - AA-1279-DFW-PHX,4186.0,4050.0,4175.0,4020.0
2011-12-02 - AA-1279-DFW-PHX,4186.0,4050.0,4175.0,4020.0
2011-12-02 - AA-1279-DFW-PHX,4186.0,4050.0,4175.0,4020.0
2011-12-02 - AA-1279-DFW-PHX,4186.0,4050.0,4175.0,4020.0
2011-12-02 - AA-1279-DFW-PHX,4186.0,4050.0,4175.0,4020.0
2011-12-02 - AA-1279-DFW-PHX,4186.0,4050.0,4175.0,4020.0
2011-12-02 - AA-1279-DFW-PHX,4186.0,4050.0,4175.0,4020.0
2011-12-02 - AA-1279-DFW-PHX,4186.0,4050.0,4175.0,4020.0
2011-12-02 - AA-1279-DFW-PHX,4186.0,4050.0,4175.0,4020.0
2011-12-02 - AA-1279-DFW-PHX,4186.0,4050.0,4175.0,4020.0
2011-12-02 - AA-1279-DFW-PHX,4186.0,4050.0,4175.0,4020.0
2011-12-02 - AA-1279-DFW-PHX,4186.0,4050.0,4175.0,4020.0
2011-12-02 - AA-1279-DFW-PHX,4186.0,4050.0,4175.0,4020.0
2011-12-02 - AA-1279-DFW-PHX,4186.0,4050.0,4175.0,4020.0
2011-12-02 - AA-1279-DFW-PHX,4186.0,4050.0,4175.0,4020.0
2011-12-02 - AA-1279-DFW-PHX,4186.0,4050.0,4175.0,4020.0
2011-12-02 - AA-1279-DFW-PHX,4186.0,4050.0,4175.0,4020.0
2011-12-02 - AA-1279-DFW-PHX,4186.0,4050.0,4175.0,4020.0
2011-12-02 - AA-1279-DFW-PHX,4186.0,4050.0,4175.0,4020.0
2011-12-02 - AA-1279-DFW-PHX,4186.0,4050.0,4175.0,4020.0
2011-12-02 - AA-1279-DFW-PHX,4186.0,4050.0,4175.0,4020.0
2011-12-02 - AA-1434-DFW-MCO,3831.0,3697.0,3815.0,3675.0
2011-12-02 - AA-1434-DFW-MCO,3831.0,3697.0,3815.0,3675.0
2011-12-02 - AA-1434-DFW-MCO,3831.0,3697.0,3815.0,3675.0
2011-12-02 - AA-1434-DFW-MCO,3831.0,3697.0,3815.0,3675.0
2011-12-02 - AA-1434-DFW-MCO,3831.0,3697.0,3815.0,3675.0
2011-12-02 - AA-1434-DFW-MCO,3831.0,3697.0,3815.0,3675.0
2011-12-02 - AA-1434-DFW-MCO,3831.0,3697.0,3815.0,3675.0
2011-12-02 - AA-1434-DFW-MCO,3831.0,3697.0,3815.0,3675.0
2011-12-02 - AA-1434-DFW-MCO,3831.0,3697.0,3815.0,3675.0
2011-12-02 - AA-1434-DFW-MCO,3831.0,3697.0,3815.0,3675.0
2011-12-02 - AA-1434-DFW-MCO,3831.0,3697.0,3815.0,3675.0
2011-12-02 - AA-1434-DFW-MCO,3831.0,3697.0,3815.0,3675.0
2011-12-02 - AA-1434-DFW-MCO,3831.0,3697.0,3815.0,3675.0
2011-12-02 - AA-1434-DFW-MCO,3831.0,3697.0,3815.0,3675.0
2011-12-02 - AA-1434-DFW-MCO,3831.0,3697.0,3815.0,3675.0
2011-12-02 - AA-1434-DFW-MCO,3831.0,3697.0,3815.0,3675.0
2011-12-02 - AA-1434-DFW-MCO,3831.0,3697.0,3815.0,3675.0
2011-12-02 - AA-1434-DFW-MCO,3831.0,3697.0,3815.0,3675.0
2011-12-02 - AA-1434-DFW-MCO,3831.0,3697.0,3815.0,3675.0
2011-12-02 - AA-1434-DFW-MCO,3831.0,3697.0,3815.0,3675.0
2011-12-02 - AA-1434-DFW-MCO,3831.0,3697.0,3815.0,3675.0
2011-12-02 - AA-1434-DFW-MCO,3831.0,3697.0,3815.0,3675.0
2011-12-02 - AA-1434-DFW-MCO,3831.0,3697.0,3815.0,3675.0
2011-12-02 - AA-1434-DFW-MCO,3831.0,3697.0,3815.0,3675.0
2011-12-02 - AA-1434-DFW-MCO,3831.0,3697.0,3815.0,3675.0
2011-12-02 - AA-1434-DFW-MCO,3831.0,3697.0,3815.0,3675.0
2011-12-02 - AA-1434-DFW-MCO,3831.0,3697.0,3815.0,3675.0
2011-12-02 - AA-1522-SFO-ORD,3595.0,3367.0,5030.0,4795.0
2011-12-02 - AA-1522-SFO-ORD,3595.0,3367.0,5030.0,4795.0
2011-12-02 - AA-1522-SFO-ORD,3595.0,3367.0,5030.0,4795.0
2011-12-02 - AA-1522-SFO-ORD,3595.0,3367.0,5030.0,4795.0
2011-12-02 - AA-1522-SFO-ORD,3595.0,3367.0,5030.0,4795.0
2011-12-02 - AA-1522-SFO-ORD,3595.0,3367.0,5030.0,4795.0
2011-12-02 - AA-1522-SFO-ORD,3595.0,3367.0,5030.0,4795.0
2011-12-02 - AA-1522-SFO-ORD,3595.0,3367.0,5030.0,4795.0
2011-12-02 - AA-1522-SFO-ORD,3595.0,3367.0,5030.0,4795.0
2011-12-02 - AA-1522-SFO-ORD,3595.0,3367.0,5030.0,4795.0
2011-12-02 - AA-1522-SFO-ORD,3595.0,3367.0,5030.0,4795.0
2011-12-02 - AA-1522-SFO-ORD,3595.0,3367.0,5030.0,4795.0
2011-12-02 - AA-1522-SFO-ORD,3595.0,3367.0,5030.0,4795.0
2011-12-02 - AA-1522-SFO-ORD,3595.0,3367.0,5030.0,4795.0
2011-12-02 - AA-1522-SFO-ORD,3595.0,3367.0,5030.0,4795.0
2011-12-02 - AA-1522-SFO-ORD,3595.0,3367.0,5030.0,4795.0
2011-12-02 - AA-1522-SFO-ORD,3595.0,3367.0,5030.0,4795.0
2011-12-02 - AA-1522-SFO-ORD,3595.0,3367.0,5030.0,4795.0
2011-12-02 - AA-1522-SFO-ORD,3595.0,3367.0,5030.0,4795.0
2011-12-02 - AA-1522-SFO-ORD,3595.0,3367.0,5030.0,4795.0
2011-12-02 - AA-1522-SFO-ORD,3595.0,3367.0,5030.0,4795.0
2011-12-02 - AA-1522-SFO-ORD,3595.0,3367.0,5030.0,4795.0
2011-12-02 - AA-1522-SFO-ORD,3595.0,3367.0,5030.0,4795.0
2011-12-02 - AA-1522-SFO-ORD,3595.0,3367.0,5030.0,4795.0
2011-12-02 - AA-1522-SFO-ORD,3595.0,3367.0,5030.0,4795.0
2011-12-02 - AA-1522-SFO-ORD,3595.0,3367.0,5030.0,4795.0
2011-12-02 - AA-1522-SFO-ORD,3595.0,3367.0,5030.0,4795.0
2011-12-02 - AA-1522-SFO-ORD,3595.0,3367.0,5030.0,4795.0
2011-12-02 - AA-1522-SFO-ORD,3595.0,3367.0,5030.0,4795.0
2011-12-02 - AA-222-LAX-BOS,4096.0,3809.0,4110.0,3790.0
2011-12-02 - AA-222-LAX-BOS,4096.0,3809.0,4110.0,3790.0
2011-12-02 - AA-222-LAX-BOS,4096.0,3809.0,4110.0,3790.0
2011-12-02 - AA-222-LAX-BOS,4096.0,3809.0,4110.0,3790.0
2011-12-02 - AA-222-LAX-BOS,4096.0,3809.0,4110.0,3790.0
2011-12-02 - AA-222-LAX-BOS,4096.0,3809.0,4110.0,3790.0
2011-12-02 - AA-222-LAX-BOS,4096.0,3809.0,4110.0,3790.0
2011-12-02 - AA-222-LAX-BOS,4096.0,3809.0,4110.0,3790.0
2011-12-02 - AA-222-LAX-BOS,4096.0,3809.0,4110.0,3790.0
2011-12-02 - AA-222-LAX-BOS,4096.0,3809.0,4110.0,3790.0
2011-12-02 - AA-222-LAX-BOS,4096.0,3809.0,4110.0,3790.0
2011-12-02 - AA-222-LAX-BOS,4096.0,3809.0,4110.0,3790.0
2011-12-02 - AA-222-LAX-BOS,4096.0,3809.0,4110.0,3790.0
2011-12-02 - AA-222-LAX-BOS,4096.0,3809.0,4110.0,3790.0
2011-12-02 - AA-222-LAX-BOS,4096.0,3809.0,4110.0,3790.0
2011-12-02 - AA-222-LAX-BOS,4096.0,3809.0,4110.0,3790.0
2011-12-02 - AA-222-LAX-BOS,4096.0,3809.0,4110.0,3790.0
2011-12-02 - AA-222-LAX-BOS,4096.0,3809.0,4110.0,3790.0
2011-12-02 - AA-222-LAX-BOS,4096.0,3809.0,4110.0,3790.0
2011-12-02 - AA-222-LAX-BOS,4096.0,3809.0,4110.0,3790.0
2011-12-02 - AA-222-LAX-BOS,4096.0,3809.0,4110.0,3790.0
2011-12-02 - AA-222-LAX-BOS,4096.0,3809.0,4110.0,3790.0
2011-12-02 - AA-222-LAX-BOS,4096.0,3809.0,4110.0,3790.0
2011-12-02 - AA-222-LAX-BOS,4096.0,3809.0,4110.0,3790.0
2011-12-02 - AA-222-LAX-BOS,4096.0,3809.0,4110.0,3790.0
2011-12-02 - AA-222-LAX-BOS,4096.0,3809.0,4110.0,3790.0
2011-12-02 - AA-222-LAX-BOS,4096.0,3809.0,4110.0,3790.0
2011-12-02 - AA-2312-DFW-DTW,4588.0,4472.0,4610.0,4465.0
2011-12-02 - AA-2312-DFW-DTW,4588.0,4472.0,4610.0,4465.0
2011-12-02 - AA-2312-DFW-DTW,4588.0,4472.0,4610.0,4465.0
2011-12-02 - AA-2312-DFW-DTW,4588.0,4472.0,4610.0,4465.0
2011-12-02 - AA-2312-DFW-DTW,4588.0,4472.0,4610.0,4465.0
2011-12-02 - AA-2312-DFW-DTW,4588.0,4472.0,4610.0,4465.0
2011-12-02 - AA-2312-DFW-DTW,4588.0,4472.0,4610.0,4465.0
2011-12-02 - AA-2312-DFW-DTW,4588.0,4472.0,4610.0,4465.0
2011-12-02 - AA-2312-DFW-DTW,4588.0,4472.0,4610.0,4465.0
2011-12-02 - AA-2312-DFW-DTW,4588.0,4472.0,4610.0,4465.0
2011-12-02 - AA-2312-DFW-DTW,4588.0,4472.0,4610.0,4465.0
2011-12-02 - AA-2312-DFW-DTW,4588.0,4472.0,4610.0,4465.0
2011-12-02 - AA-2312-DFW-DTW,4588.0,4472.0,4610.0,4465.0
2011-12-02 - AA-2312-DFW-DTW,4588.0,4472.0,4610.0,4465.0
2011-12-02 - AA-2312-DFW-DTW,4588.0,4472.0,4610.0,4465.0
2011-12-02 - AA-2312-DFW-DTW,4588.0,4472.0,4610.0,4465.0
2011-12-02 - AA-2312-DFW-DTW,4588.0,4472.0,4610.0,4465.0
2011-12-02 - AA-2312-DFW-DTW,4588.0,4472.0,4610.0,4465.0
2011-12-02 - AA-2312-DFW-DTW,4588.0,4472.0,4610.0,4465.0
2011-12-02 - AA-2312-DFW-DTW,4588.0,4472.0,4610.0,4465.0
2011-12-02 - AA-2312-DFW-DTW,4588.0,4472.0,4610.0,4465.0
2011-12-02 - AA-2312-DFW-DTW,4588.0,4472.0,4610.0,4465.0
2011-12-02 - AA-2312-DFW-DTW,4588.0,4472.0,4610.0,4465.0
2011-12-02 - AA-2312-DFW-DTW,4588.0,4472.0,4610.0,4465.0
2011-12-02 - AA-2312-DFW-DTW,4588.0,4472.0,4610.0,4465.0
2011-12-02 - AA-2312-DFW-DTW,4588.0,4472.0,4610.0,4465.0
2011-12-02 - AA-2312-DFW-DTW,4588.0,4472.0,4610.0,4465.0
2011-12-02 - AA-3804-PHL-ORD,4180.0,4062.0,4205.0,4055.0
2011-12-02 - AA-3804-PHL-ORD,4180.0,4062.0,4205.0,4055.0
2011-12-02 - AA-3804-PHL-ORD,4180.0,4062.0,4205.0,4055.0
2011-12-02 - AA-3804-PHL-ORD,4180.0,4062.0,4205.0,4055.0
2011-12-02 - AA-3804-PHL-ORD,4180.0,4062.0,4205.0,4055.0
2011-12-02 - AA-3804-PHL-ORD,4180.0,4062.0,4205.0,4055.0
2011-12-02 - AA-3804-PHL-ORD,4180.0,4062.0,4205.0,4055.0
2011-12-02 - AA-3804-PHL-ORD,4180.0,4062.0,4205.0,4055.0
2011-12-02 - AA-3804-PHL-ORD,4180.0,4062.0,4205.0,4055.0
2011-12-02 - AA-3804-PHL-ORD,4180.0,4062.0,4205.0,4055.0
2011-12-02 - AA-3804-PHL-ORD,4180.0,4062.0,4205.0,4055.0
2011-12-02 - AA-3804-PHL-ORD,4180.0,4062.0,4205.0,4055.0
2011-12-02 - AA-3804-PHL-ORD,4180.0,4062.0,4205.0,4055.0
2011-12-02 - AA-3804-PHL-ORD,4180.0,4062.0,4205.0,4055.0
2011-12-02 - AA-3804-PHL-ORD,4180.0,4062.0,4205.0,4055.0
2011-12-02 - AA-3804-PHL-ORD,4180.0,4062.0,4205.0,4055.0
2011-12-02 - AA-3804-PHL-ORD,4180.0,4062.0,4205.0,4055.0
2011-12-02 - AA-3804-PHL-ORD,4180.0,4062.0,4205.0,4055.0
2011-12-02 - AA-3804-PHL-ORD,4180.0,4062.0,4205.0,4055.0
2011-12-02 - AA-3804-PHL-ORD,4180.0,4062.0,4205.0,4055.0
2011-12-02 - AA-3804-PHL-ORD,4180.0,4062.0,4205.0,4055.0
2011-12-02 - AA-3804-PHL-ORD,4180.0,4062.0,4205.0,4055.0
2011-12-02 - AA-3804-PHL-ORD,4180.0,4062.0,4205.0,4055.0
2011-12-02 - AA-3804-PHL-ORD,4180.0,4062.0,4205.0,4055.0
2011-12-02 - AA-3804-PHL-ORD,4180.0,4062.0,4205.0,4055.0
2011-12-02 - AA-3804-PHL-ORD,4180.0,4062.0,4205.0,4055.0
2011-12-02 - AA-3823-LAX-DEN,4734.0,4626.0,4755.0,4620.0
2011-12-02 - AA-3823-LAX-DEN,4734.0,4626.0,4755.0,4620.0
2011-12-02 - AA-3823-LAX-DEN,4734.0,4626.0,4755.0,4620.0
2011-12-02 - AA-3823-LAX-DEN,4734.0,4626.0,4755.0,4620.0
2011-12-02 - AA-3823-LAX-DEN,4734.0,4626.0,4755.0,4620.0
2011-12-02 - AA-3823-LAX-DEN,4734.0,4626.0,4755.0,4620.0
2011-12-02 - AA-3823-LAX-DEN,4734.0,4626.0,4755.0,4620.0
2011-12-02 - AA-3823-LAX-DEN,4734.0,4626.0,4755.0,4620.0
2011-12-02 - AA-3823-LAX-DEN,4734.0,4626.0,4755.0,4620.0
2011-12-02 - AA-3823-LAX-DEN,4734.0,4626.0,4755.0,4620.0
2011-12-02 - AA-3823-LAX-DEN,4734.0,4626.0,4755.0,4620.0
2011-12-02 - AA-3823-LAX-DEN,4734.0,4626.0,4755.0,4620.0
2011-12-02 - AA-3823-LAX-DEN,4734.0,4626.0,4755.0,4620.0
2011-12-02 - AA-3823-LAX-DEN,4734.0,4626.0,4755.0,4620.0
2011-12-02 - AA-3823-LAX-DEN,4734.0,4626.0,4755.0,4620.0
2011-12-02 - AA-3823-LAX-DEN,4734.0,4626.0,4755.0,4620.0
2011-12-02 - AA-3823-LAX-DEN,4734.0,4626.0,4755.0,4620.0
2011-12-02 - AA-3823-LAX-DEN,4734.0,4626.0,4755.0,4620.0
2011-12-02 - AA-3823-LAX-DEN,4734.0,4626.0,4755.0,4620.0
2011-12-02 - AA-3823-LAX-DEN,4734.0,4626.0,4755.0,4620.0
2011-12-02 - AA-3823-LAX-DEN,4734.0,4626.0,4755.0,4620.0
2011-12-02 - AA-3823-LAX-DEN,4734.0,4626.0,4755.0,4620.0
2011-12-02 - AA-3823-LAX-DEN,4734.0,4626.0,4755.0,4620.0
2011-12-02 - AA-3823-LAX-DEN,4734.0,4626.0,4755.0,4620.0
2011-12-02 - AA-3823-LAX-DEN,4734.0,4626.0,4755.0,4620.0
2011-12-02 - AA-3823-LAX-DEN,4734.0,4626.0,4755.0,4620.0
2011-12-02 - AA-3823-LAX-DEN,4734.0,4626.0,4755.0,4620.0
2011-12-02 - AA-400-DFW-JFK,4080.0,3902.0,4079.0,3880.0
2011-12-02 - AA-400-DFW-JFK,4080.0,3902.0,4079.0,3880.0
2011-12-02 - AA-400-DFW-JFK,4080.0,3902.0,4079.0,3880.0
2011-12-02 - AA-400-DFW-JFK,4080.0,3902.0,4079.0,3880.0
2011-12-02 - AA-400-DFW-JFK,4080.0,3902.0,4079.0,3880.0
2011-12-02 - AA-400-DFW-JFK,4080.0,3902.0,4079.0,3880.0
2011-12-02 - AA-400-DFW-JFK,4080.0,3902.0,4079.0,3880.0
2011-12-02 - AA-400-DFW-JFK,4080.0,3902.0,4079.0,3880.0
2011-12-02 - AA-400-DFW-JFK,4080.0,3902.0,4079.0,3880.0
2011-12-02 - AA-400-DFW-JFK,4080.0,3902.0,4079.0,3880.0
2011-12-02 - AA-400-DFW-JFK,4080.0,3902.0,4079.0,3880.0
2011-12-02 - AA-400-DFW-JFK,4080.0,3902.0,4079.0,3880.0
2011-12-02 - AA-400-DFW-JFK,4080.0,3902.0,4079.0,3880.0
2011-12-02 - AA-400-DFW-JFK,4080.0,3902.0,4079.0,3880.0
2011-12-02 - AA-400-DFW-JFK,4080.0,3902.0,4079.0,3880.0
2011-12-02 - AA-400-DFW-JFK,4080.0,3902.0,4079.0,3880.0
2011-12-02 - AA-400-DFW-JFK,4080.0,3902.0,4079.0,3880.0
2011-12-02 - AA-400-DFW-JFK,4080.0,3902.0,4079.0,3880.0
2011-12-02 - AA-400-DFW-JFK,4080.0,3902.0,4079.0,3880.0
2011-12-02 - AA-400-DFW-JFK,4080.0,3902.0,4079.0,3880.0
2011-12-02 - AA-400-DFW-JFK,4080.0,3902.0,4079.0,3880.0
2011-12-02 - AA-400-DFW-JFK,4080.0,3902.0,4079.0,3880.0
2011-12-02 - AA-400-DFW-JFK,4080.0,3902.0,4079.0,3880.0
2011-12-02 - AA-400-DFW-JFK,4080.0,3902.0,4079.0,3880.0
2011-12-02 - AA-400-DFW-JFK,4080.0,3902.0,4079.0,3880.0
2011-12-02 - AA-4277-CVG-JFK,4012.0,3922.0,4035.0,3910.0
2011-12-02 - AA-4277-CVG-JFK,4012.0,3922.0,4035.0,3910.0
2011-12-02 - AA-4277-CVG-JFK,4012.0,3922.0,4035.0,3910.0
2011-12-02 - AA-4277-CVG-JFK,4012.0,3922.0,4035.0,3910.0
2011-12-02 - AA-4277-CVG-JFK,4012.0,3922.0,4035.0,3910.0
2011-12-02 - AA-4277-CVG-JFK,4012.0,3922.0,4035.0,3910.0
2011-12-02 - AA-4277-CVG-JFK,4012.0,3922.0,4035.0,3910.0
2011-12-02 - AA-4277-CVG-JFK,4012.0,3922.0,4035.0,3910.0
2011-12-02 - AA-4277-CVG-JFK,4012.0,3922.0,4035.0,3910.0
2011-12-02 - AA-4277-CVG-JFK,4012.0,3922.0,4035.0,3910.0
2011-12-02 - AA-4277-CVG-JFK,4012.0,3922.0,4035.0,3910.0
2011-12-02 - AA-4277-CVG-JFK,4012.0,3922.0,4035.0,3910.0
2011-12-02 - AA-4277-CVG-JFK,4012.0,3922.0,4035.0,3910.0
2011-12-02 - AA-4277-CVG-JFK,4012.0,3922.0,4035.0,3910.0
2011-12-02 - AA-4277-CVG-JFK,4012.0,3922.0,4035.0,3910.0
2011-12-02 - AA-4277-CVG-JFK,4012.0,3922.0,4035.0,3910.0
2011-12-02 - AA-4277-CVG-JFK,4012.0,3922.0,4035.0,3910.0
2011-12-02 - AA-4277-CVG-JFK,4012.0,3922.0,4035.0,3910.0
2011-12-02 - AA-4277-CVG-JFK,4012.0,3922.0,4035.0,3910.0
2011-12-02 - AA-4277-CVG-JFK,4012.0,3922.0,4035.0,3910.0
2011-12-02 - AA-4277-CVG-JFK,4012.0,3922.0,4035.0,3910.0
2011-12-02 - AA-4277-CVG-JFK,4012.0,3922.0,4035.0,3910.0
2011-12-02 - AA-4277-CVG-JFK,4012.0,3922.0,4035.0,3910.0
2011-12-02 - AA-4277-CVG-JFK,4012.0,3922.0,4035.0,3910.0
2011-12-02 - AA-4307-ORD-DTW,4440.0,4387.0,4450.0,4365.0
2011-12-02 - AA-4307-ORD-DTW,4440.0,4387.0,4450.0,4365.0
2011-12-02 - AA-4307-ORD-DTW,4440.0,4387.0,4450.0,4365.0
2011-12-02 - AA-4307-ORD-DTW,4440.0,4387.0,4450.0,4365.0
2011-12-02 - AA-4307-ORD-DTW,4440.0,4387.0,4450.0,4365.0
2011-12-02 - AA-4307-ORD-DTW,4440.0,4387.0,4450.0,4365.0
2011-12-02 - AA-4307-ORD-DTW,4440.0,4387.0,4450.0,4365.0
2011-12-02 - AA-4307-ORD-DTW,4440.0,4387.0,4450.0,4365.0
2011-12-02 - AA-4307-ORD-DTW,4440.0,4387.0,4450.0,4365.0
2011-12-02 - AA-4307-ORD-DTW,4440.0,4387.0,4450.0,4365.0
2011-12-02 - AA-4307-ORD-DTW,4440.0,4387.0,4450.0,4365.0
2011-12-02 - AA-4307-ORD-DTW,4440.0,4387.0,4450.0,4365.0
2011-12-02 - AA-4307-ORD-DTW,4440.0,4387.0,4450.0,4365.0
2011-12-02 - AA-4307-ORD-DTW,4440.0,4387.0,4450.0,4365.0
2011-12-02 - AA-4307-ORD-DTW,4440.0,4387.0,4450.0,4365.0
2011-12-02 - AA-4307-ORD-DTW,4440.0,4387.0,4450.0,4365.0
2011-12-02 - AA-4307-ORD-DTW,4440.0,4387.0,4450.0,4365.0
2011-12-02 - AA-4307-ORD-DTW,4440.0,4387.0,4450.0,4365.0
2011-12-02 - AA-4307-ORD-DTW,4440.0,4387.0,4450.0,4365.0
2011-12-02 - AA-4307-ORD-DTW,4440.0,4387.0,4450.0,4365.0
2011-12-02 - AA-4307-ORD-DTW,4440.0,4387.0,4450.0,4365.0
2011-12-02 - AA-4307-ORD-DTW,4440.0,4387.0,4450.0,4365.0
2011-12-02 - AA-4307-ORD-DTW,4440.0,4387.0,4450.0,4365.0
2011-12-02 - AA-4307-ORD-DTW,4440.0,4387.0,4450.0,4365.0
2011-12-02 - AA-4307-ORD-DTW,4440.0,4387.0,4450.0,4365.0
2011-12-02 - AA-4307-ORD-DTW,4440.0,4387.0,4450.0,4365.0
2011-12-02 - AA-4307-ORD-DTW,4440.0,4387.0,4450.0,4365.0
2011-12-02 - AA-431-MIA-SFO,4060.0,3712.0,4070.0,3695.0
2011-12-02 - AA-431-MIA-SFO,4060.0,3712.0,4070.0,3695.0
2011-12-02 - AA-431-MIA-SFO,4060.0,3712.0,4070.0,3695.0
2011-12-02 - AA-431-MIA-SFO,4060.0,3712.0,4070.0,3695.0
2011-12-02 - AA-431-MIA-SFO,4060.0,3712.0,4070.0,3695.0
2011-12-02 - AA-431-MIA-SFO,4060.0,3712.0,4070.0,3695.0
2011-12-02 - AA-431-MIA-SFO,4060.0,3712.0,4070.0,3695.0
2011-12-02 - AA-431-MIA-SFO,4060.0,3712.0,4070.0,3695.0
2011-12-02 - AA-431-MIA-SFO,4060.0,3712.0,4070.0,3695.0
2011-12-02 - AA-431-MIA-SFO,4060.0,3712.0,4070.0,3695.0
2011-12-02 - AA-431-MIA-SFO,4060.0,3712.0,4070.0,3695.0
2011-12-02 - AA-431-MIA-SFO,4060.0,3712.0,4070.0,3695.0
2011-12-02 - AA-431-MIA-SFO,4060.0,3712.0,4070.0,3695.0
2011-12-02 - AA-431-MIA-SFO,4060.0,3712.0,4070.0,3695.0
2011-12-02 - AA-431-MIA-SFO,4060.0,3712.0,4070.0,3695.0
2011-12-02 - AA-431-MIA-SFO,4060.0,3712.0,4070.0,3695.0
2011-12-02 - AA-431-MIA-SFO,4060.0,3712.0,4070.0,3695.0
2011-12-02 - AA-431-MIA-SFO,4060.0,3712.0,4070.0,3695.0
2011-12-02 - AA-431-MIA-SFO,4060.0,3712.0,4070.0,3695.0
2011-12-02 - AA-431-MIA-SFO,4060.0,3712.0,4070.0,3695.0
2011-12-02 - AA-431-MIA-SFO,4060.0,3712.0,4070.0,3695.0
2011-12-02 - AA-431-MIA-SFO,4060.0,3712.0,4070.0,3695.0
2011-12-02 - AA-431-MIA-SFO,4060.0,3712.0,4070.0,3695.0
2011-12-02 - AA-431-MIA-SFO,4060.0,3712.0,4070.0,3695.0
2011-12-02 - AA-431-MIA-SFO,4060.0,3712.0,4070.0,3695.0
2011-12-02 - AA-431-MIA-SFO,4060.0,3712.0,4070.0,3695.0
2011-12-02 - AA-446-DFW-PHL,4118.0,3960.0,4130.0,3950.0
2011-12-02 - AA-446-DFW-PHL,4118.0,3960.0,4130.0,3950.0
2011-12-02 - AA-446-DFW-PHL,4118.0,3960.0,4130.0,3950.0
2011-12-02 - AA-446-DFW-PHL,4118.0,3960.0,4130.0,3950.0
2011-12-02 - AA-446-DFW-PHL,4118.0,3960.0,4130.0,3950.0
2011-12-02 - AA-446-DFW-PHL,4118.0,3960.0,4130.0,3950.0
2011-12-02 - AA-446-DFW-PHL,4118.0,3960.0,4130.0,3950.0
2011-12-02 - AA-446-DFW-PHL,4118.0,3960.0,4130.0,3950.0
2011-12-02 - AA-446-DFW-PHL,4118.0,3960.0,4130.0,3950.0
2011-12-02 - AA-446-DFW-PHL,4118.0,3960.0,4130.0,3950.0
2011-12-02 - AA-446-DFW-PHL,4118.0,3960.0,4130.0,3950.0
2011-12-02 - AA-446-DFW-PHL,4118.0,3960.0,4130.0,3950.0
2011-12-02 - AA-446-DFW-PHL,4118.0,3960.0,4130.0,3950.0
2011-12-02 - AA-446-DFW-PHL,4118.0,3960.0,4130.0,3950.0
2011-12-02 - AA-446-DFW-PHL,4118.0,3960.0,4130.0,3950.0
2011-12-02 - AA-446-DFW-PHL,4118.0,3960.0,4130.0,3950.0
2011-12-02 - AA-446-DFW-PHL,4118.0,3960.0,4130.0,3950.0
2011-12-02 - AA-446-DFW-PHL,4118.0,3960.0,4130.0,3950.0
2011-12-02 - AA-446-DFW-PHL,4118.0,3960.0,4130.0,3950.0
2011-12-02 - AA-446-DFW-PHL,4118.0,3960.0,4130.0,3950.0
2011-12-02 - AA-446-DFW-PHL,4118.0,3960.0,4130.0,3950.0
2011-12-02 - AA-446-DFW-PHL,4118.0,3960.0,4130.0,3950.0
2011-12-02 - AA-446-DFW-PHL,4118.0,3960.0,4130.0,3950.0
2011-12-02 - AA-446-DFW-PHL,4118.0,3960.0,4130.0,3950.0
2011-12-02 - AA-446-DFW-PHL,4118.0,3960.0,4130.0,3950.0
2011-12-02 - AA-466-IAH-MIA,3742.0,3615.0,3740.0,3600.0
2011-12-02 - AA-466-IAH-MIA,3742.0,3615.0,3740.0,3600.0
2011-12-02 - AA-466-IAH-MIA,3742.0,3615.0,3740.0,3600.0
2011-12-02 - AA-466-IAH-MIA,3742.0,3615.0,3740.0,3600.0
2011-12-02 - AA-466-IAH-MIA,3742.0,3615.0,3740.0,3600.0
2011-12-02 - AA-466-IAH-MIA,3742.0,3615.0,3740.0,3600.0
2011-12-02 - AA-466-IAH-MIA,3742.0,3615.0,3740.0,3600.0
2011-12-02 - AA-466-IAH-MIA,3742.0,3615.0,3740.0,3600.0
2011-12-02 - AA-466-IAH-MIA,3742.0,3615.0,3740.0,3600.0
2011-12-02 - AA-466-IAH-MIA,3742.0,3615.0,3740.0,3600.0
2011-12-02 - AA-466-IAH-MIA,3742.0,3615.0,3740.0,3600.0
2011-12-02 - AA-466-IAH-MIA,3742.0,3615.0,3740.0,3600.0
2011-12-02 - AA-466-IAH-MIA,3742.0,3615.0,3740.0,3600.0
2011-12-02 - AA-466-IAH-MIA,3742.0,3615.0,3740.0,3600.0
2011-12-02 - AA-466-IAH-MIA,3742.0,3615.0,3740.0,3600.0
2011-12-02 - AA-466-IAH-MIA,3742.0,3615.0,3740.0,3600.0
2011-12-02 - AA-466-IAH-MIA,3742.0,3615.0,3740.0,3600.0
2011-12-02 - AA-466-IAH-MIA,3742.0,3615.0,3740.0,3600.0
2011-12-02 - AA-466-IAH-MIA,3742.0,3615.0,3740.0,3600.0
2011-12-02 - AA-466-IAH-MIA,3742.0,3615.0,3740.0,3600.0
2011-12-02 - AA-466-IAH-MIA,3742.0,3615.0,3740.0,3600.0
2011-12-02 - AA-466-IAH-MIA,3742.0,3615.0,3740.0,3600.0
2011-12-02 - AA-466-IAH-MIA,3742.0,3615.0,3740.0,3600.0
2011-12-02 - AA-466-IAH-MIA,3742.0,3615.0,3740.0,3600.0
2011-12-02 - AA-466-IAH-MIA,3742.0,3615.0,3740.0,3600.0
2011-12-02 - AA-466-IAH-MIA,3742.0,3615.0,3740.0,3600.0
2011-12-02 - AA-484-DFW-MIA,4399.0,4259.0,4375.0,4215.0
2011-12-02 - AA-484-DFW-MIA,4399.0,4259.0,4375.0,4215.0
2011-12-02 - AA-484-DFW-MIA,4399.0,4259.0,4375.0,4215.0
2011-12-02 - AA-484-DFW-MIA,4399.0,4259.0,4375.0,4215.0
2011-12-02 - AA-484-DFW-MIA,4399.0,4259.0,4375.0,4215.0
2011-12-02 - AA-484-DFW-MIA,4399.0,4259.0,4375.0,4215.0
2011-12-02 - AA-484-DFW-MIA,4399.0,4259.0,4375.0,4215.0
2011-12-02 - AA-484-DFW-MIA,4399.0,4259.0,4375.0,4215.0
2011-12-02 - AA-484-DFW-MIA,4399.0,4259.0,4375.0,4215.0
2011-12-02 - AA-484-DFW-MIA,4399.0,4259.0,4375.0,4215.0
2011-12-02 - AA-484-DFW-MIA,4399.0,4259.0,4375.0,4215.0
2011-12-02 - AA-484-DFW-MIA,4399.0,4259.0,4375.0,4215.0
2011-12-02 - AA-484-DFW-MIA,4399.0,4259.0,4375.0,4215.0
2011-12-02 - AA-484-DFW-MIA,4399.0,4259.0,4375.0,4215.0
2011-12-02 - AA-484-DFW-MIA,4399.0,4259.0,4375.0,4215.0
2011-12-02 - AA-484-DFW-MIA,4399.0,4259.0,4375.0,4215.0
2011-12-02 - AA-484-DFW-MIA,4399.0,4259.0,4375.0,4215.0
2011-12-02 - AA-484-DFW-MIA,4399.0,4259.0,4375.0,4215.0
2011-12-02 - AA-484-DFW-MIA,4399.0,4259.0,4375.0,4215.0
2011-12-02 - AA-484-DFW-MIA,4399.0,4259.0,4375.0,4215.0
2011-12-02 - AA-484-DFW-MIA,4399.0,4259.0,4375.0,4215.0
2011-12-02 - AA-484-DFW-MIA,4399.0,4259.0,4375.0,4215.0
2011-12-02 - AA-484-DFW-MIA,4399.0,4259.0,4375.0,4215.0
2011-12-02 - AA-484-DFW-MIA,4399.0,4259.0,4375.0,4215.0
2011-12-02 - AA-484-DFW-MIA,4399.0,4259.0,4375.0,4215.0
2011-12-02 - AA-484-DFW-MIA,4399.0,4259.0,4375.0,4215.0
2011-12-02 - AA-484-DFW-MIA,4399.0,4259.0,4375.0,4215.0
2011-12-02 - AA-484-DFW-MIA,4399.0,4259.0,4375.0,4215.0
2011-12-02 - AA-59-JFK-SFO,3993.0,3647.0,4005.0,3610.0
2011-12-02 - AA-59-JFK-SFO,3993.0,3647.0,4005.0,3610.0
2011-12-02 - AA-59-JFK-SFO,3993.0,3647.0,4005.0,3610.0
2011-12-02 - AA-59-JFK-SFO,3993.0,3647.0,4005.0,3610.0
2011-12-02 - AA-59-JFK-SFO,3993.0,3647.0,4005.0,3610.0
2011-12-02 - AA-59-JFK-SFO,3993.0,3647.0,4005.0,3610.0
2011-12-02 - AA-59-JFK-SFO,3993.0,3647.0,4005.0,3610.0
2011-12-02 - AA-59-JFK-SFO,3993.0,3647.0,4005.0,3610.0
2011-12-02 - AA-59-JFK-SFO,3993.0,3647.0,4005.0,3610.0
2011-12-02 - AA-59-JFK-SFO,3993.0,3647.0,4005.0,3610.0
2011-12-02 - AA-59-JFK-SFO,3993.0,3647.0,4005.0,3610.0
2011-12-02 - AA-59-JFK-SFO,3993.0,3647.0,4005.0,3610.0
2011-12-02 - AA-59-JFK-SFO,3993.0,3647.0,4005.0,3610.0
2011-12-02 - AA-59-JFK-SFO,3993.0,3647.0,4005.0,3610.0
2011-12-02 - AA-59-JFK-SFO,3993.0,3647.0,4005.0,3610.0
2011-12-02 - AA-59-JFK-SFO,3993.0,3647.0,4005.0,3610.0
2011-12-02 - AA-59-JFK-SFO,3993.0,3647.0,4005.0,3610.0
2011-12-02 - AA-59-JFK-SFO,3993.0,3647.0,4005.0,3610.0
2011-12-02 - AA-59-JFK-SFO,3993.0,3647.0,4005.0,3610.0
2011-12-02 - AA-59-JFK-SFO,3993.0,3647.0,4005.0,3610.0
2011-12-02 - AA-59-JFK-SFO,3993.0,3647.0,4005.0,3610.0
2011-12-02 - AA-59-JFK-SFO,3993.0,3647.0,4005.0,3610.0
2011-12-02 - AA-59-JFK-SFO,3993.0,3647.0,4005.0,3610.0
2011-12-02 - AA-59-JFK-SFO,3993.0,3647.0,4005.0,3610.0
2011-12-02 - AA-59-JFK-SFO,3993.0,3647.0,4005.0,3610.0
2011-12-02 - AA-59-JFK-SFO,3993.0,3647.0,4005.0,3610.0
2011-12-02 - AA-59-JFK-SFO,3993.0,3647.0,4005.0,3610.0
2011-12-02 - CO-1193-EWR-MCO,3922.0,3732.0,3918.0,3735.0
2011-12-02 - CO-1193-EWR-MCO,3922.0,3732.0,3918.0,3735.0
2011-12-02 - CO-1193-EWR-MCO,3922.0,3732.0,3918.0,3735.0
2011-12-02 - CO-1193-EWR-MCO,3922.0,3732.0,3918.0,3735.0
2011-12-02 - CO-1193-EWR-MCO,3922.0,3732.0,3918.0,3735.0
2011-12-02 - CO-1193-EWR-MCO,3922.0,3732.0,3918.0,3735.0
2011-12-02 - CO-1193-EWR-MCO,3922.0,3732.0,3918.0,3735.0
2011-12-02 - CO-1193-EWR-MCO,3922.0,3732.0,3918.0,3735.0
2011-12-02 - CO-1193-EWR-MCO,3922.0,3732.0,3918.0,3735.0
2011-12-02 - CO-1193-EWR-MCO,3922.0,3732.0,3918.0,3735.0
2011-12-02 - CO-1193-EWR-MCO,3922.0,3732.0,3918.0,3735.0
2011-12-02 - CO-1193-EWR-MCO,3922.0,3732.0,3918.0,3735.0
2011-12-02 - CO-1193-EWR-MCO,3922.0,3732.0,3918.0,3735.0
2011-12-02 - CO-1193-EWR-MCO,3922.0,3732.0,3918.0,3735.0
2011-12-02 - CO-1193-EWR-MCO,3922.0,3732.0,3918.0,3735.0
2011-12-02 - CO-1193-EWR-MCO,3922.0,3732.0,3918.0,3735.0
2011-12-02 - CO-1193-EWR-MCO,3922.0,3732.0,3918.0,3735.0
2011-12-02 - CO-1193-EWR-MCO,3922.0,3732.0,3918.0,3735.0
2011-12-02 - CO-1193-EWR-MCO,3922.0,3732.0,3918.0,3735.0
2011-12-02 - CO-1193-EWR-MCO,3922.0,3732.0,3918.0,3735.0
2011-12-02 - CO-1193-EWR-MCO,3922.0,3732.0,3918.0,3735.0
2011-12-02 - CO-1193-EWR-MCO,3922.0,3732.0,3918.0,3735.0
2011-12-02 - CO-1193-EWR-MCO,3922.0,3732.0,3918.0,3735.0
2011-12-02 - CO-1193-EWR-MCO,3922.0,3732.0,3918.0,3735.0
2011-12-02 - CO-1193-EWR-MCO,3922.0,3732.0,3918.0,3735.0
2011-12-02 - CO-1250-MIA-IAH,4231.0,4068.0,4248.0,4073.0
2011-12-02 - CO-1250-MIA-IAH,4231.0,4068.0,4248.0,4073.0
2011-12-02 - CO-1250-MIA-IAH,4231.0,4068.0,4248.0,4073.0
2011-12-02 - CO-1250-MIA-IAH,4231.0,4068.0,4248.0,4073.0
2011-12-02 - CO-1250-MIA-IAH,4231.0,4068.0,4248.0,4073.0
2011-12-02 - CO-1250-MIA-IAH,4231.0,4068.0,4248.0,4073.0
2011-12-02 - CO-1250-MIA-IAH,4231.0,4068.0,4248.0,4073.0
2011-12-02 - CO-1250-MIA-IAH,4231.0,4068.0,4248.0,4073.0
2011-12-02 - CO-1250-MIA-IAH,4231.0,4068.0,4248.0,4073.0
2011-12-02 - CO-1250-MIA-IAH,4231.0,4068.0,4248.0,4073.0
2011-12-02 - CO-1250-MIA-IAH,4231.0,4068.0,4248.0,4073.0
2011-12-02 - CO-1250-MIA-IAH,4231.0,4068.0,4248.0,4073.0
2011-12-02 - CO-1250-MIA-IAH,4231.0,4068.0,4248.0,4073.0
2011-12-02 - CO-1250-MIA-IAH,4231.0,4068.0,4248.0,4073.0
2011-12-02 - CO-1250-MIA-IAH,4231.0,4068.0,4248.0,4073.0
2011-12-02 - CO-1250-MIA-IAH,4231.0,4068.0,4248.0,4073.0
2011-12-02 - CO-1250-MIA-IAH,4231.0,4068.0,4248.0,4073.0
2011-12-02 - CO-1250-MIA-IAH,4231.0,4068.0,4248.0,4073.0
2011-12-02 - CO-1250-MIA-IAH,4231.0,4068.0,4248.0,4073.0
2011-12-02 - CO-1250-MIA-IAH,4231.0,4068.0,4248.0,4073.0
2011-12-02 - CO-1250-MIA-IAH,4231.0,4068.0,4248.0,4073.0
2011-12-02 - CO-16-LAX-EWR,4302.0,3995.0,4304.0,3985.0
2011-12-02 - CO-16-LAX-EWR,4302.0,3995.0,4304.0,3985.0
2011-12-02 - CO-16-LAX-EWR,4302.0,3995.0,4304.0,3985.0
2011-12-02 - CO-16-LAX-EWR,4302.0,3995.0,4304.0,3985.0
2011-12-02 - CO-16-LAX-EWR,4302.0,3995.0,4304.0,3985.0
2011-12-02 - CO-16-LAX-EWR,4302.0,3995.0,4304.0,3985.0
2011-12-02 - CO-16-LAX-EWR,4302.0,3995.0,4304.0,3985.0
2011-12-02 - CO-16-LAX-EWR,4302.0,3995.0,4304.0,3985.0
2011-12-02 - CO-16-LAX-EWR,4302.0,3995.0,4304.0,3985.0
2011-12-02 - CO-16-LAX-EWR,4302.0,3995.0,4304.0,3985.0
2011-12-02 - CO-16-LAX-EWR,4302.0,3995.0,4304.0,3985.0
2011-12-02 - CO-16-LAX-EWR,4302.0,3995.0,4304.0,3985.0
2011-12-02 - CO-16-LAX-EWR,4302.0,3995.0,4304.0,3985.0
2011-12-02 - CO-16-LAX-EWR,4302.0,3995.0,4304.0,3985.0
2011-12-02 - CO-16-LAX-EWR,4302.0,3995.0,4304.0,3985.0
2011-12-02 - CO-16-LAX-EWR,4302.0,3995.0,4304.0,3985.0
2011-12-02 - CO-16-LAX-EWR,4302.0,3995.0,4304.0,3985.0
2011-12-02 - CO-16-LAX-EWR,4302.0,3995.0,4304.0,3985.0
2011-12-02 - CO-16-LAX-EWR,4302.0,3995.0,4304.0,3985.0
2011-12-02 - CO-16-LAX-EWR,4302.0,3995.0,4304.0,3985.0
2011-12-02 - CO-16-LAX-EWR,4302.0,3995.0,4304.0,3985.0
2011-12-02 - CO-63-EWR-IAH,4460.0,4230.0,4462.0,4225.0
2011-12-02 - CO-63-EWR-IAH,4460.0,4230.0,4462.0,4225.0
2011-12-02 - CO-63-EWR-IAH,4460.0,4230.0,4462.0,4225.0
2011-12-02 - CO-63-EWR-IAH,4460.0,4230.0,4462.0,4225.0
2011-12-02 - CO-63-EWR-IAH,4460.0,4230.0,4462.0,4225.0
2011-12-02 - CO-63-EWR-IAH,4460.0,4230.0,4462.0,4225.0
2011-12-02 - CO-63-EWR-IAH,4460.0,4230.0,4462.0,4225.0
2011-12-02 - CO-63-EWR-IAH,4460.0,4230.0,4462.0,4225.0
2011-12-02 - CO-63-EWR-IAH,4460.0,4230.0,4462.0,4225.0
2011-12-02 - CO-63-EWR-IAH,4460.0,4230.0,4462.0,4225.0
2011-12-02 - CO-63-EWR-IAH,4460.0,4230.0,4462.0,4225.0
2011-12-02 - CO-63-EWR-IAH,4460.0,4230.0,4462.0,4225.0
2011-12-02 - CO-63-EWR-IAH,4460.0,4230.0,4462.0,4225.0
2011-12-02 - CO-63-EWR-IAH,4460.0,4230.0,4462.0,4225.0
2011-12-02 - CO-63-EWR-IAH,4460.0,4230.0,4462.0,4225.0
2011-12-02 - CO-63-EWR-IAH,4460.0,4230.0,4462.0,4225.0
2011-12-02 - CO-63-EWR-IAH,4460.0,4230.0,4462.0,4225.0
2011-12-02 - CO-63-EWR-IAH,4460.0,4230.0,4462.0,4225.0
2011-12-02 - CO-63-EWR-IAH,4460.0,4230.0,4462.0,4225.0
2011-12-02 - CO-63-EWR-IAH,4460.0,4230.0,4462.0,4225.0
2011-12-02 - CO-63-EWR-IAH,4460.0,4230.0,4462.0,4225.0
2011-12-02 - CO-63-EWR-IAH,4460.0,4230.0,4462.0,4225.0
2011-12-02 - UA-1500-IAH-GUA,3988.0,3819.0,3945.0,3775.0
2011-12-02 - UA-1500-IAH-GUA,3988.0,3819.0,3945.0,3775.0
2011-12-02 - UA-1500-IAH-GUA,3988.0,3819.0,3945.0,3775.0
2011-12-02 - UA-1500-IAH-GUA,3988.0,3819.0,3945.0,3775.0
2011-12-02 - UA-1500-IAH-GUA,3988.0,3819.0,3945.0,3775.0
2011-12-02 - UA-1500-IAH-GUA,3988.0,3819.0,3945.0,3775.0
2011-12-02 - UA-1500-IAH-GUA,3988.0,3819.0,3945.0,3775.0
2011-12-02 - UA-1500-IAH-GUA,3988.0,3819.0,3945.0,3775.0
2011-12-02 - UA-1500-IAH-GUA,3988.0,3819.0,3945.0,3775.0
2011-12-02 - UA-1500-IAH-GUA,3988.0,3819.0,3945.0,3775.0
2011-12-02 - UA-1500-IAH-GUA,3988.0,3819.0,3945.0,3775.0
2011-12-02 - UA-1500-IAH-GUA,3988.0,3819.0,3945.0,3775.0
2011-12-02 - UA-1500-IAH-GUA,3988.0,3819.0,3945.0,3775.0
2011-12-02 - UA-1500-IAH-GUA,3988.0,3819.0,3945.0,3775.0
2011-12-02 - UA-1500-IAH-GUA,3988.0,3819.0,3945.0,3775.0
2011-12-02 - UA-2314-ATL-PHL,4196.0,4078.0,4200.0,4075.0
2011-12-02 - UA-2314-ATL-PHL,4196.0,4078.0,4200.0,4075.0
2011-12-02 - UA-2314-ATL-PHL,4196.0,4078.0,4200.0,4075.0
2011-12-02 - UA-2314-ATL-PHL,4196.0,4078.0,4200.0,4075.0
2011-12-02 - UA-2314-ATL-PHL,4196.0,4078.0,4200.0,4075.0
2011-12-02 - UA-2314-ATL-PHL,4196.0,4078.0,4200.0,4075.0
2011-12-02 - UA-2314-ATL-PHL,4196.0,4078.0,4200.0,4075.0
2011-12-02 - UA-2314-ATL-PHL,4196.0,4078.0,4200.0,4075.0
2011-12-02 - UA-2314-ATL-PHL,4196.0,4078.0,4200.0,4075.0
2011-12-02 - UA-2314-ATL-PHL,4196.0,4078.0,4200.0,4075.0
2011-12-02 - UA-2314-ATL-PHL,4196.0,4078.0,4200.0,4075.0
2011-12-02 - UA-2314-ATL-PHL,4196.0,4078.0,4200.0,4075.0
2011-12-02 - UA-2314-ATL-PHL,4196.0,4078.0,4200.0,4075.0
2011-12-02 - UA-2314-ATL-PHL,4196.0,4078.0,4200.0,4075.0
2011-12-02 - UA-2314-ATL-PHL,4196.0,4078.0,4200.0,4075.0
2011-12-02 - UA-2314-ATL-PHL,4196.0,4078.0,4200.0,4075.0
2011-12-02 - UA-2314-ATL-PHL,4196.0,4078.0,4200.0,4075.0
2011-12-02 - UA-2314-ATL-PHL,4196.0,4078.0,4200.0,4075.0
2011-12-02 - UA-2314-ATL-PHL,4196.0,4078.0,4200.0,4075.0
2011-12-02 - UA-2314-ATL-PHL,4196.0,4078.0,4200.0,4075.0
2011-12-02 - UA-2314-ATL-PHL,4196.0,4078.0,4200.0,4075.0
2011-12-02 - UA-233-LAX-JFK,4609.0,4348.0,3209.0,4345.0
2011-12-02 - UA-233-LAX-JFK,4609.0,4348.0,3209.0,4345.0
2011-12-02 - UA-233-LAX-JFK,4609.0,4348.0,3209.0,4345.0
2011-12-02 - UA-233-LAX-JFK,4609.0,4348.0,3209.0,4345.0
2011-12-02 - UA-233-LAX-JFK,4609.0,4348.0,3209.0,4345.0
2011-12-02 - UA-233-LAX-JFK,4609.0,4348.0,3209.0,4345.0
2011-12-02 - UA-233-LAX-JFK,4609.0,4348.0,3209.0,4345.0
2011-12-02 - UA-233-LAX-JFK,4609.0,4348.0,3209.0,4345.0
2011-12-02 - UA-233-LAX-JFK,4609.0,4348.0,3209.0,4345.0
2011-12-02 - UA-233-LAX-JFK,4609.0,4348.0,3209.0,4345.0
2011-12-02 - UA-233-LAX-JFK,4609.0,4348.0,3209.0,4345.0
2011-12-02 - UA-233-LAX-JFK,4609.0,4348.0,3209.0,4345.0
2011-12-02 - UA-233-LAX-JFK,4609.0,4348.0,3209.0,4345.0
2011-12-02 - UA-233-LAX-JFK,4609.0,4348.0,3209.0,4345.0
2011-12-02 - UA-233-LAX-JFK,4609.0,4348.0,3209.0,4345.0
2011-12-02 - UA-233-LAX-JFK,4609.0,4348.0,3209.0,4345.0
2011-12-02 - UA-233-LAX-JFK,4609.0,4348.0,3209.0,4345.0
2011-12-02 - UA-233-LAX-JFK,4609.0,4348.0,3209.0,4345.0
2011-12-02 - UA-233-LAX-JFK,4609.0,4348.0,3209.0,4345.0
2011-12-02 - UA-233-LAX-JFK,4609.0,4348.0,3209.0,4345.0
2011-12-02 - UA-233-LAX-JFK,4609.0,4348.0,3209.0,4345.0
2011-12-02 - UA-233-LAX-JFK,4609.0,4348.0,3209.0,4345.0
2011-12-02 - UA-233-LAX-JFK,4609.0,4348.0,3209.0,4345.0
2011-12-02 - UA-233-LAX-JFK,4609.0,4348.0,3209.0,4345.0
2011-12-02 - UA-233-LAX-JFK,4609.0,4348.0,3209.0,4345.0
2011-12-02 - UA-233-LAX-JFK,4609.0,4348.0,3209.0,4345.0
2011-12-02 - UA-2906-PHL-MCO,4260.0,4139.0,4283.0,4130.0
2011-12-02 - UA-2906-PHL-MCO,4260.0,4139.0,4283.0,4130.0
2011-12-02 - UA-2906-PHL-MCO,4260.0,4139.0,4283.0,4130.0
2011-12-02 - UA-2906-PHL-MCO,4260.0,4139.0,4283.0,4130.0
2011-12-02 - UA-2906-PHL-MCO,4260.0,4139.0,4283.0,4130.0
2011-12-02 - UA-2906-PHL-MCO,4260.0,4139.0,4283.0,4130.0
2011-12-02 - UA-2906-PHL-MCO,4260.0,4139.0,4283.0,4130.0
2011-12-02 - UA-2906-PHL-MCO,4260.0,4139.0,4283.0,4130.0
2011-12-02 - UA-2906-PHL-MCO,4260.0,4139.0,4283.0,4130.0
2011-12-02 - UA-2906-PHL-MCO,4260.0,4139.0,4283.0,4130.0
2011-12-02 - UA-2906-PHL-MCO,4260.0,4139.0,4283.0,4130.0
2011-12-02 - UA-2906-PHL-MCO,4260.0,4139.0,4283.0,4130.0
2011-12-02 - UA-2906-PHL-MCO,4260.0,4139.0,4283.0,4130.0
2011-12-02 - UA-2906-PHL-MCO,4260.0,4139.0,4283.0,4130.0
2011-12-02 - UA-2906-PHL-MCO,4260.0,4139.0,4283.0,4130.0
2011-12-02 - UA-2906-PHL-MCO,4260.0,4139.0,4283.0,4130.0
2011-12-02 - UA-2906-PHL-MCO,4260.0,4139.0,4283.0,4130.0
2011-12-02 - UA-2906-PHL-MCO,4260.0,4139.0,4283.0,4130.0
2011-12-02 - UA-2906-PHL-MCO,4260.0,4139.0,4283.0,4130.0
2011-12-02 - UA-2906-PHL-MCO,4260.0,4139.0,4283.0,4130.0
2011-12-02 - UA-2906-PHL-MCO,4260.0,4139.0,4283.0,4130.0
2011-12-02 - UA-2906-PHL-MCO,4260.0,4139.0,4283.0,4130.0
2011-12-02 - UA-2906-PHL-MCO,4260.0,4139.0,4283.0,4130.0
2011-12-02 - UA-2906-PHL-MCO,4260.0,4139.0,4283.0,4130.0
2011-12-02 - UA-2945-PHL-CLT,3984.0,3911.0,4005.0,3900.0
2011-12-02 - UA-2945-PHL-CLT,3984.0,3911.0,4005.0,3900.0
2011-12-02 - UA-2945-PHL-CLT,3984.0,3911.0,4005.0,3900.0
2011-12-02 - UA-2945-PHL-CLT,3984.0,3911.0,4005.0,3900.0
2011-12-02 - UA-2945-PHL-CLT,3984.0,3911.0,4005.0,3900.0
2011-12-02 - UA-2945-PHL-CLT,3984.0,3911.0,4005.0,3900.0
2011-12-02 - UA-2945-PHL-CLT,3984.0,3911.0,4005.0,3900.0
2011-12-02 - UA-2945-PHL-CLT,3984.0,3911.0,4005.0,3900.0
2011-12-02 - UA-2945-PHL-CLT,3984.0,3911.0,4005.0,3900.0
2011-12-02 - UA-2945-PHL-CLT,3984.0,3911.0,4005.0,3900.0
2011-12-02 - UA-2945-PHL-CLT,3984.0,3911.0,4005.0,3900.0
2011-12-02 - UA-2945-PHL-CLT,3984.0,3911.0,4005.0,3900.0
2011-12-02 - UA-2945-PHL-CLT,3984.0,3911.0,4005.0,3900.0
2011-12-02 - UA-2945-PHL-CLT,3984.0,3911.0,4005.0,3900.0
2011-12-02 - UA-2945-PHL-CLT,3984.0,3911.0,4005.0,3900.0
2011-12-02 - UA-2945-PHL-CLT,3984.0,3911.0,4005.0,3900.0
2011-12-02 - UA-2945-PHL-CLT,3984.0,3911.0,4005.0,3900.0
2011-12-02 - UA-2945-PHL-CLT,3984.0,3911.0,4005.0,3900.0
2011-12-02 - UA-2945-PHL-CLT,3984.0,3911.0,4005.0,3900.0
2011-12-02 - UA-2945-PHL-CLT,3984.0,3911.0,4005.0,3900.0
2011-12-02 - UA-2945-PHL-CLT,3984.0,3911.0,4005.0,3900.0
2011-12-02 - UA-2945-PHL-CLT,3984.0,3911.0,4005.0,3900.0
2011-12-02 - UA-2945-PHL-CLT,3984.0,3911.0,4005.0,3900.0
2011-12-02 - UA-2945-PHL-CLT,3984.0,3911.0,4005.0,3900.0
2011-12-02 - UA-3099-PHX-PHL,4253.0,4025.0,4277.0,4015.0
2011-12-02 - UA-3099-PHX-PHL,4253.0,4025.0,4277.0,4015.0
2011-12-02 - UA-3099-PHX-PHL,4253.0,4025.0,4277.0,4015.0
2011-12-02 - UA-3099-PHX-PHL,4253.0,4025.0,4277.0,4015.0
2011-12-02 - UA-3099-PHX-PHL,4253.0,4025.0,4277.0,4015.0
2011-12-02 - UA-3099-PHX-PHL,4253.0,4025.0,4277.0,4015.0
2011-12-02 - UA-3099-PHX-PHL,4253.0,4025.0,4277.0,4015.0
2011-12-02 - UA-3099-PHX-PHL,4253.0,4025.0,4277.0,4015.0
2011-12-02 - UA-3099-PHX-PHL,4253.0,4025.0,4277.0,4015.0
2011-12-02 - UA-3099-PHX-PHL,4253.0,4025.0,4277.0,4015.0
2011-12-02 - UA-3099-PHX-PHL,4253.0,4025.0,4277.0,4015.0
2011-12-02 - UA-3099-PHX-PHL,4253.0,4025.0,4277.0,4015.0
2011-12-02 - UA-3099-PHX-PHL,4253.0,4025.0,4277.0,4015.0
2011-12-02 - UA-3099-PHX-PHL,4253.0,4025.0,4277.0,4015.0
2011-12-02 - UA-3099-PHX-PHL,4253.0,4025.0,4277.0,4015.0
2011-12-02 - UA-3099-PHX-PHL,4253.0,4025.0,4277.0,4015.0
2011-12-02 - UA-3099-PHX-PHL,4253.0,4025.0,4277.0,4015.0
2011-12-02 - UA-3099-PHX-PHL,4253.0,4025.0,4277.0,4015.0
2011-12-02 - UA-3099-PHX-PHL,4253.0,4025.0,4277.0,4015.0
2011-12-02 - UA-3099-PHX-PHL,4253.0,4025.0,4277.0,4015.0
2011-12-02 - UA-3099-PHX-PHL,4253.0,4025.0,4277.0,4015.0
2011-12-02 - UA-3099-PHX-PHL,4253.0,4025.0,4277.0,4015.0
2011-12-02 - UA-3099-PHX-PHL,4253.0,4025.0,4277.0,4015.0
2011-12-02 - UA-3099-PHX-PHL,4253.0,4025.0,4277.0,4015.0
2011-12-02 - UA-3099-PHX-PHL,4253.0,4025.0,4277.0,4015.0
2011-12-02 - UA-3515-IAD-MSP,3848.0,3675.0,3846.0,3675.0
2011-12-02 - UA-3515-IAD-MSP,3848.0,3675.0,3846.0,3675.0
2011-12-02 - UA-3515-IAD-MSP,3848.0,3675.0,3846.0,3675.0
2011-12-02 - UA-3515-IAD-MSP,3848.0,3675.0,3846.0,3675.0
2011-12-02 - UA-3515-IAD-MSP,3848.0,3675.0,3846.0,3675.0
2011-12-02 - UA-3515-IAD-MSP,3848.0,3675.0,3846.0,3675.0
2011-12-02 - UA-3515-IAD-MSP,3848.0,3675.0,3846.0,3675.0
2011-12-02 - UA-3515-IAD-MSP,3848.0,3675.0,3846.0,3675.0
2011-12-02 - UA-3515-IAD-MSP,3848.0,3675.0,3846.0,3675.0
2011-12-02 - UA-3515-IAD-MSP,3848.0,3675.0,3846.0,3675.0
2011-12-02 - UA-3515-IAD-MSP,3848.0,3675.0,3846.0,3675.0
2011-12-02 - UA-3515-IAD-MSP,3848.0,3675.0,3846.0,3675.0
2011-12-02 - UA-3515-IAD-MSP,3848.0,3675.0,3846.0,3675.0
2011-12-02 - UA-3515-IAD-MSP,3848.0,3675.0,3846.0,3675.0
2011-12-02 - UA-3515-IAD-MSP,3848.0,3675.0,3846.0,3675.0
2011-12-02 - UA-3515-IAD-MSP,3848.0,3675.0,3846.0,3675.0
2011-12-02 - UA-3515-IAD-MSP,3848.0,3675.0,3846.0,3675.0
2011-12-02 - UA-3515-IAD-MSP,3848.0,3675.0,3846.0,3675.0
2011-12-02 - UA-3515-IAD-MSP,3848.0,3675.0,3846.0,3675.0
2011-12-02 - UA-3515-IAD-MSP,3848.0,3675.0,3846.0,3675.0
2011-12-02 - UA-382-IAD-LAX,4284.0,3955.0,4289.0,3940.0
2011-12-02 - UA-382-IAD-LAX,4284.0,3955.0,4289.0,3940.0
2011-12-02 - UA-382-IAD-LAX,4284.0,3955.0,4289.0,3940.0
2011-12-02 - UA-382-IAD-LAX,4284.0,3955.0,4289.0,3940.0
2011-12-02 - UA-382-IAD-LAX,4284.0,3955.0,4289.0,3940.0
2011-12-02 - UA-382-IAD-LAX,4284.0,3955.0,4289.0,3940.0
2011-12-02 - UA-382-IAD-LAX,4284.0,3955.0,4289.0,3940.0
2011-12-02 - UA-382-IAD-LAX,4284.0,3955.0,4289.0,3940.0
2011-12-02 - UA-382-IAD-LAX,4284.0,3955.0,4289.0,3940.0
2011-12-02 - UA-382-IAD-LAX,4284.0,3955.0,4289.0,3940.0
2011-12-02 - UA-382-IAD-LAX,4284.0,3955.0,4289.0,3940.0
2011-12-02 - UA-382-IAD-LAX,4284.0,3955.0,4289.0,3940.0
2011-12-02 - UA-382-IAD-LAX,4284.0,3955.0,4289.0,3940.0
2011-12-02 - UA-382-IAD-LAX,4284.0,3955.0,4289.0,3940.0
2011-12-02 - UA-382-IAD-LAX,4284.0,3955.0,4289.0,3940.0
2011-12-02 - UA-382-IAD-LAX,4284.0,3955.0,4289.0,3940.0
2011-12-02 - UA-382-IAD-LAX,4284.0,3955.0,4289.0,3940.0
2011-12-02 - UA-382-IAD-LAX,4284.0,3955.0,4289.0,3940.0
2011-12-02 - UA-382-IAD-LAX,4284.0,3955.0,4289.0,3940.0
2011-12-02 - UA-382-IAD-LAX,4284.0,3955.0,4289.0,3940.0
2011-12-02 - UA-382-IAD-LAX,4284.0,3955.0,4289.0,3940.0
2011-12-02 - UA-382-IAD-LAX,4284.0,3955.0,4289.0,3940.0
2011-12-02 - UA-382-IAD-LAX,4284.0,3955.0,4289.0,3940.0
2011-12-02 - UA-382-IAD-LAX,4284.0,3955.0,4289.0,3940.0
2011-12-02 - UA-382-IAD-LAX,4284.0,3955.0,4289.0,3940.0
2011-12-02 - UA-382-IAD-LAX,4284.0,3955.0,4289.0,3940.0
2011-12-02 - UA-382-IAD-LAX,4284.0,3955.0,4289.0,3940.0
2011-12-02 - UA-382-IAD-LAX,4284.0,3955.0,4289.0,3940.0
2011-12-02 - UA-382-IAD-LAX,4284.0,3955.0,4289.0,3940.0
2011-12-02 - UA-382-IAD-LAX,4284.0,3955.0,4289.0,3940.0
2011-12-02 - UA-382-IAD-LAX,4284.0,3955.0,4289.0,3940.0
2011-12-02 - UA-382-IAD-LAX,4284.0,3955.0,4289.0,3940.0
2011-12-02 - UA-382-IAD-LAX,4284.0,3955.0,4289.0,3940.0
2011-12-02 - UA-382-IAD-LAX,4284.0,3955.0,4289.0,3940.0
2011-12-02 - UA-382-IAD-LAX,4284.0,3955.0,4289.0,3940.0
2011-12-02 - UA-382-IAD-LAX,4284.0,3955.0,4289.0,3940.0
2011-12-02 - UA-382-IAD-LAX,4284.0,3955.0,4289.0,3940.0
2011-12-02 - UA-382-IAD-LAX,4284.0,3955.0,4289.0,3940.0
2011-12-02 - UA-382-IAD-LAX,4284.0,3955.0,4289.0,3940.0
2011-12-02 - UA-382-IAD-LAX,4284.0,3955.0,4289.0,3940.0
2011-12-02 - UA-382-IAD-LAX,4284.0,3955.0,4289.0,3940.0
2011-12-02 - UA-3925-IAD-ORF,3762.0,3720.0,3774.0,3701.0
2011-12-02 - UA-3925-IAD-ORF,3762.0,3720.0,3774.0,3701.0
2011-12-02 - UA-3925-IAD-ORF,3762.0,3720.0,3774.0,3701.0
2011-12-02 - UA-3925-IAD-ORF,3762.0,3720.0,3774.0,3701.0
2011-12-02 - UA-3925-IAD-ORF,3762.0,3720.0,3774.0,3701.0
2011-12-02 - UA-3925-IAD-ORF,3762.0,3720.0,3774.0,3701.0
2011-12-02 - UA-3925-IAD-ORF,3762.0,3720.0,3774.0,3701.0
2011-12-02 - UA-3925-IAD-ORF,3762.0,3720.0,3774.0,3701.0
2011-12-02 - UA-3925-IAD-ORF,3762.0,3720.0,3774.0,3701.0
2011-12-02 - UA-3925-IAD-ORF,3762.0,3720.0,3774.0,3701.0
2011-12-02 - UA-3925-IAD-ORF,3762.0,3720.0,3774.0,3701.0
2011-12-02 - UA-3925-IAD-ORF,3762.0,3720.0,3774.0,3701.0
2011-12-02 - UA-3925-IAD-ORF,3762.0,3720.0,3774.0,3701.0
2011-12-02 - UA-3925-IAD-ORF,3762.0,3720.0,3774.0,3701.0
2011-12-02 - UA-3925-IAD-ORF,3762.0,3720.0,3774.0,3701.0
2011-12-02 - UA-3925-IAD-ORF,3762.0,3720.0,3774.0,3701.0
2011-12-02 - UA-3925-IAD-ORF,3762.0,3720.0,3774.0,3701.0
2011-12-02 - UA-3925-IAD-ORF,3762.0,3720.0,3774.0,3701.0
2011-12-02 - UA-3925-IAD-ORF,3762.0,3720.0,3774.0,3701.0
2011-12-02 - UA-3925-IAD-ORF,3762.0,3720.0,3774.0,3701.0
2011-12-02 - UA-3925-IAD-ORF,3762.0,3720.0,3774.0,3701.0
2011-12-02 - UA-3925-IAD-ORF,3762.0,3720.0,3774.0,3701.0
2011-12-02 - UA-3925-IAD-ORF,3762.0,3720.0,3774.0,3701.0
2011-12-02 - UA-3925-IAD-ORF,3762.0,3720.0,3774.0,3701.0
2011-12-02 - UA-3925-IAD-ORF,3762.0,3720.0,3774.0,3701.0
2011-12-02 - UA-397-JFK-SFO,4015.0,3654.0,4075.0,3660.0
2011-12-02 - UA-397-JFK-SFO,4015.0,3654.0,4075.0,3660.0
2011-12-02 - UA-397-JFK-SFO,4015.0,3654.0,4075.0,3660.0
2011-12-02 - UA-397-JFK-SFO,4015.0,3654.0,4075.0,3660.0
2011-12-02 - UA-397-JFK-SFO,4015.0,3654.0,4075.0,3660.0
2011-12-02 - UA-397-JFK-SFO,4015.0,3654.0,4075.0,3660.0
2011-12-02 - UA-397-JFK-SFO,4015.0,3654.0,4075.0,3660.0
2011-12-02 - UA-397-JFK-SFO,4015.0,3654.0,4075.0,3660.0
2011-12-02 - UA-397-JFK-SFO,4015.0,3654.0,4075.0,3660.0
2011-12-02 - UA-397-JFK-SFO,4015.0,3654.0,4075.0,3660.0
2011-12-02 - UA-397-JFK-SFO,4015.0,3654.0,4075.0,3660.0
2011-12-02 - UA-397-JFK-SFO,4015.0,3654.0,4075.0,3660.0
2011-12-02 - UA-397-JFK-SFO,4015.0,3654.0,4075.0,3660.0
2011-12-02 - UA-397-JFK-SFO,4015.0,3654.0,4075.0,3660.0
2011-12-02 - UA-397-JFK-SFO,4015.0,3654.0,4075.0,3660.0
2011-12-02 - UA-397-JFK-SFO,4015.0,3654.0,4075.0,3660.0
2011-12-02 - UA-397-JFK-SFO,4015.0,3654.0,4075.0,3660.0
2011-12-02 - UA-397-JFK-SFO,4015.0,3654.0,4075.0,3660.0
2011-12-02 - UA-397-JFK-SFO,4015.0,3654.0,4075.0,3660.0
2011-12-02 - UA-397-JFK-SFO,4015.0,3654.0,4075.0,3660.0
2011-12-02 - UA-397-JFK-SFO,4015.0,3654.0,4075.0,3660.0
2011-12-02 - UA-397-JFK-SFO,4015.0,3654.0,4075.0,3660.0
2011-12-02 - UA-397-JFK-SFO,4015.0,3654.0,4075.0,3660.0
2011-12-02 - UA-397-JFK-SFO,4015.0,3654.0,4075.0,3660.0
2011-12-02 - UA-397-JFK-SFO,4015.0,3654.0,4075.0,3660.0
2011-12-02 - UA-397-JFK-SFO,4015.0,3654.0,4075.0,3660.0
2011-12-02 - UA-414-LAX-SFO,3792.0,3728.0,3803.0,3720.0
2011-12-02 - UA-414-LAX-SFO,3792.0,3728.0,3803.0,3720.0
2011-12-02 - UA-414-LAX-SFO,3792.0,3728.0,3803.0,3720.0
2011-12-02 - UA-414-LAX-SFO,3792.0,3728.0,3803.0,3720.0
2011-12-02 - UA-414-LAX-SFO,3792.0,3728.0,3803.0,3720.0
2011-12-02 - UA-414-LAX-SFO,3792.0,3728.0,3803.0,3720.0
2011-12-02 - UA-414-LAX-SFO,3792.0,3728.0,3803.0,3720.0
2011-12-02 - UA-414-LAX-SFO,3792.0,3728.0,3803.0,3720.0
2011-12-02 - UA-414-LAX-SFO,3792.0,3728.0,3803.0,3720.0
2011-12-02 - UA-414-LAX-SFO,3792.0,3728.0,3803.0,3720.0
2011-12-02 - UA-414-LAX-SFO,3792.0,3728.0,3803.0,3720.0
2011-12-02 - UA-414-LAX-SFO,3792.0,3728.0,3803.0,3720.0
2011-12-02 - UA-414-LAX-SFO,3792.0,3728.0,3803.0,3720.0
2011-12-02 - UA-414-LAX-SFO,3792.0,3728.0,3803.0,3720.0
2011-12-02 - UA-414-LAX-SFO,3792.0,3728.0,3803.0,3720.0
2011-12-02 - UA-414-LAX-SFO,3792.0,3728.0,3803.0,3720.0
2011-12-02 - UA-414-LAX-SFO,3792.0,3728.0,3803.0,3720.0
2011-12-02 - UA-414-LAX-SFO,3792.0,3728.0,3803.0,3720.0
2011-12-02 - UA-414-LAX-SFO,3792.0,3728.0,3803.0,3720.0
2011-12-02 - UA-414-LAX-SFO,3792.0,3728.0,3803.0,3720.0
2011-12-02 - UA-414-LAX-SFO,3792.0,3728.0,3803.0,3720.0
2011-12-02 - UA-62-IAH-EWR,4328.0,4142.0,4323.0,4110.0
2011-12-02 - UA-62-IAH-EWR,4328.0,4142.0,4323.0,4110.0
2011-12-02 - UA-62-IAH-EWR,4328.0,4142.0,4323.0,4110.0
2011-12-02 - UA-62-IAH-EWR,4328.0,4142.0,4323.0,4110.0
2011-12-02 - UA-62-IAH-EWR,4328.0,4142.0,4323.0,4110.0
2011-12-02 - UA-62-IAH-EWR,4328.0,4142.0,4323.0,4110.0
2011-12-02 - UA-62-IAH-EWR,4328.0,4142.0,4323.0,4110.0
2011-12-02 - UA-62-IAH-EWR,4328.0,4142.0,4323.0,4110.0
2011-12-02 - UA-62-IAH-EWR,4328.0,4142.0,4323.0,4110.0
2011-12-02 - UA-62-IAH-EWR,4328.0,4142.0,4323.0,4110.0
2011-12-02 - UA-62-IAH-EWR,4328.0,4142.0,4323.0,4110.0
2011-12-02 - UA-62-IAH-EWR,4328.0,4142.0,4323.0,4110.0
2011-12-02 - UA-62-IAH-EWR,4328.0,4142.0,4323.0,4110.0
2011-12-02 - UA-62-IAH-EWR,4328.0,4142.0,4323.0,4110.0
2011-12-02 - UA-62-IAH-EWR,4328.0,4142.0,4323.0,4110.0
2011-12-02 - UA-62-IAH-EWR,4328.0,4142.0,4323.0,4110.0
2011-12-02 - UA-62-IAH-EWR,4328.0,4142.0,4323.0,4110.0
2011-12-02 - UA-62-IAH-EWR,4328.0,4142.0,4323.0,4110.0
2011-12-02 - UA-62-IAH-EWR,4328.0,4142.0,4323.0,4110.0
2011-12-02 - UA-62-IAH-EWR,4328.0,4142.0,4323.0,4110.0
2011-12-02 - UA-828-SFO-ORD,4973.0,4752.0,4991.0,4748.0
2011-12-02 - UA-828-SFO-ORD,4973.0,4752.0,4991.0,4748.0
2011-12-02 - UA-828-SFO-ORD,4973.0,4752.0,4991.0,4748.0
2011-12-02 - UA-828-SFO-ORD,4973.0,4752.0,4991.0,4748.0
2011-12-02 - UA-828-SFO-ORD,4973.0,4752.0,4991.0,4748.0
2011-12-02 - UA-828-SFO-ORD,4973.0,4752.0,4991.0,4748.0
2011-12-02 - UA-828-SFO-ORD,4973.0,4752.0,4991.0,4748.0
2011-12-02 - UA-828-SFO-ORD,4973.0,4752.0,4991.0,4748.0
2011-12-02 - UA-828-SFO-ORD,4973.0,4752.0,4991.0,4748.0
2011-12-02 - UA-828-SFO-ORD,4973.0,4752.0,4991.0,4748.0
2011-12-02 - UA-828-SFO-ORD,4973.0,4752.0,4991.0,4748.0
2011-12-02 - UA-828-SFO-ORD,4973.0,4752.0,4991.0,4748.0
2011-12-02 - UA-828-SFO-ORD,4973.0,4752.0,4991.0,4748.0
2011-12-02 - UA-828-SFO-ORD,4973.0,4752.0,4991.0,4748.0
2011-12-02 - UA-828-SFO-ORD,4973.0,4752.0,4991.0,4748.0
2011-12-02 - UA-828-SFO-ORD,4973.0,4752.0,4991.0,4748.0
2011-12-02 - UA-828-SFO-ORD,4973.0,4752.0,4991.0,4748.0
2011-12-02 - UA-828-SFO-ORD,4973.0,4752.0,4991.0,4748.0
2011-12-02 - UA-828-SFO-ORD,4973.0,4752.0,4991.0,4748.0
2011-12-02 - UA-828-SFO-ORD,4973.0,4752.0,4991.0,4748.0
2011-12-02 - UA-828-SFO-ORD,4973.0,4752.0,4991.0,4748.0
2011-12-02 - UA-828-SFO-ORD,4973.0,4752.0,4991.0,4748.0
2011-12-02 - UA-828-SFO-ORD,4973.0,4752.0,4991.0,4748.0
2011-12-02 - UA-858-PVG-SFO,3846.0,3225.0,3867.0,3225.0
2011-12-02 - UA-858-PVG-SFO,3846.0,3225.0,3867.0,3225.0
2011-12-02 - UA-858-PVG-SFO,3846.0,3225.0,3867.0,3225.0
2011-12-02 - UA-858-PVG-SFO,3846.0,3225.0,3867.0,3225.0
2011-12-02 - UA-858-PVG-SFO,3846.0,3225.0,3867.0,3225.0
2011-12-02 - UA-858-PVG-SFO,3846.0,3225.0,3867.0,3225.0
2011-12-02 - UA-858-PVG-SFO,3846.0,3225.0,3867.0,3225.0
2011-12-02 - UA-858-PVG-SFO,3846.0,3225.0,3867.0,3225.0
2011-12-02 - UA-858-PVG-SFO,3846.0,3225.0,3867.0,3225.0
2011-12-02 - UA-858-PVG-SFO,3846.0,3225.0,3867.0,3225.0
2011-12-02 - UA-858-PVG-SFO,3846.0,3225.0,3867.0,3225.0
2011-12-02 - UA-858-PVG-SFO,3846.0,3225.0,3867.0,3225.0
2011-12-02 - UA-858-PVG-SFO,3846.0,3225.0,3867.0,3225.0
2011-12-02 - UA-858-PVG-SFO,3846.0,3225.0,3867.0,3225.0
2011-12-02 - UA-858-PVG-SFO,3846.0,3225.0,3867.0,3225.0
2011-12-02 - UA-858-PVG-SFO,3846.0,3225.0,3867.0,3225.0
2011-12-02 - UA-858-PVG-SFO,3846.0,3225.0,3867.0,3225.0
2011-12-02 - UA-858-PVG-SFO,3846.0,3225.0,3867.0,3225.0
2011-12-02 - UA-858-PVG-SFO,3846.0,3225.0,3867.0,3225.0
2011-12-02 - UA-938-DEN-ORD,4397.0,4276.0,4415.0,4276.0
2011-12-02 - UA-938-DEN-ORD,4397.0,4276.0,4415.0,4276.0
2011-12-02 - UA-938-DEN-ORD,4397.0,4276.0,4415.0,4276.0
2011-12-02 - UA-938-DEN-ORD,4397.0,4276.0,4415.0,4276.0
2011-12-02 - UA-938-DEN-ORD,4397.0,4276.0,4415.0,4276.0
2011-12-02 - UA-938-DEN-ORD,4397.0,4276.0,4415.0,4276.0
2011-12-02 - UA-938-DEN-ORD,4397.0,4276.0,4415.0,4276.0
2011-12-02 - UA-938-DEN-ORD,4397.0,4276.0,4415.0,4276.0
2011-12-02 - UA-938-DEN-ORD,4397.0,4276.0,4415.0,4276.0
2011-12-02 - UA-938-DEN-ORD,4397.0,4276.0,4415.0,4276.0
2011-12-02 - UA-938-DEN-ORD,4397.0,4276.0,4415.0,4276.0
2011-12-02 - UA-938-DEN-ORD,4397.0,4276.0,4415.0,4276.0
2011-12-02 - UA-938-DEN-ORD,4397.0,4276.0,4415.0,4276.0
2011-12-02 - UA-938-DEN-ORD,4397.0,4276.0,4415.0,4276.0
2011-12-02 - UA-938-DEN-ORD,4397.0,4276.0,4415.0,4276.0
2011-12-02 - UA-938-DEN-ORD,4397.0,4276.0,4415.0,4276.0
2011-12-02 - UA-938-DEN-ORD,4397.0,4276.0,4415.0,4276.0
2011-12-02 - UA-938-DEN-ORD,4397.0,4276.0,4415.0,4276.0
2011-12-02 - UA-938-DEN-ORD,4397.0,4276.0,4415.0,4276.0
2011-12-02 - UA-938-DEN-ORD,4397.0,4276.0,4415.0,4276.0
2011-12-02 - UA-938-DEN-ORD,4397.0,4276.0,4415.0,4276.0
2011-12-02 - UA-938-DEN-ORD,4397.0,4276.0,4415.0,4276.0
2011-12-02 - UA-938-DEN-ORD,4397.0,4276.0,4415.0,4276.0
2011-12-02 - UA-938-DEN-ORD,4397.0,4276.0,4415.0,4276.0
2011-12-03 - AA-1007-MIA-PHX,5941.0,5652.0,5945.0,5635.0
2011-12-03 - AA-1007-MIA-PHX,5941.0,5652.0,5945.0,5635.0
2011-12-03 - AA-1007-MIA-PHX,5941.0,5652.0,5945.0,5635.0
2011-12-03 - AA-1007-MIA-PHX,5941.0,5652.0,5945.0,5635.0
2011-12-03 - AA-1007-MIA-PHX,5941.0,5652.0,5945.0,5635.0
2011-12-03 - AA-1007-MIA-PHX,5941.0,5652.0,5945.0,5635.0
2011-12-03 - AA-1007-MIA-PHX,5941.0,5652.0,5945.0,5635.0
2011-12-03 - AA-1007-MIA-PHX,5941.0,5652.0,5945.0,5635.0
2011-12-03 - AA-1007-MIA-PHX,5941.0,5652.0,5945.0,5635.0
2011-12-03 - AA-1007-MIA-PHX,5941.0,5652.0,5945.0,5635.0
2011-12-03 - AA-1007-MIA-PHX,5941.0,5652.0,5945.0,5635.0
2011-12-03 - AA-1007-MIA-PHX,5941.0,5652.0,5945.0,5635.0
2011-12-03 - AA-1007-MIA-PHX,5941.0,5652.0,5945.0,5635.0
2011-12-03 - AA-1007-MIA-PHX,5941.0,5652.0,5945.0,5635.0
2011-12-03 - AA-1007-MIA-PHX,5941.0,5652.0,5945.0,5635.0
2011-12-03 - AA-1007-MIA-PHX,5941.0,5652.0,5945.0,5635.0
2011-12-03 - AA-1007-MIA-PHX,5941.0,5652.0,5945.0,5635.0
2011-12-03 - AA-1007-MIA-PHX,5941.0,5652.0,5945.0,5635.0
2011-12-03 - AA-1007-MIA-PHX,5941.0,5652.0,5945.0,5635.0
2011-12-03 - AA-1007-MIA-PHX,5941.0,5652.0,5945.0,5635.0
2011-12-03 - AA-1007-MIA-PHX,5941.0,5652.0,5945.0,5635.0
2011-12-03 - AA-1007-MIA-PHX,5941.0,5652.0,5945.0,5635.0
2011-12-03 - AA-1165-JFK-MIA,5204.0,5055.0,5254.0,5039.0
2011-12-03 - AA-1165-JFK-MIA,5204.0,5055.0,5254.0,5039.0
2011-12-03 - AA-1165-JFK-MIA,5204.0,5055.0,5254.0,5039.0
2011-12-03 - AA-1165-JFK-MIA,5204.0,5055.0,5254.0,5039.0
2011-12-03 - AA-1165-JFK-MIA,5204.0,5055.0,5254.0,5039.0
2011-12-03 - AA-1165-JFK-MIA,5204.0,5055.0,5254.0,5039.0
2011-12-03 - AA-1165-JFK-MIA,5204.0,5055.0,5254.0,5039.0
2011-12-03 - AA-1165-JFK-MIA,5204.0,5055.0,5254.0,5039.0
2011-12-03 - AA-1165-JFK-MIA,5204.0,5055.0,5254.0,5039.0
2011-12-03 - AA-1165-JFK-MIA,5204.0,5055.0,5254.0,5039.0
2011-12-03 - AA-1165-JFK-MIA,5204.0,5055.0,5254.0,5039.0
2011-12-03 - AA-1165-JFK-MIA,5204.0,5055.0,5254.0,5039.0
2011-12-03 - AA-1165-JFK-MIA,5204.0,5055.0,5254.0,5039.0
2011-12-03 - AA-1165-JFK-MIA,5204.0,5055.0,5254.0,5039.0
2011-12-03 - AA-1165-JFK-MIA,5204.0,5055.0,5254.0,5039.0
2011-12-03 - AA-1165-JFK-MIA,5204.0,5055.0,5254.0,5039.0
2011-12-03 - AA-1165-JFK-MIA,5204.0,5055.0,5254.0,5039.0
2011-12-03 - AA-1165-JFK-MIA,5204.0,5055.0,5254.0,5039.0
2011-12-03 - AA-1165-JFK-MIA,5204.0,5055.0,5254.0,5039.0
2011-12-03 - AA-1165-JFK-MIA,5204.0,5055.0,5254.0,5039.0
2011-12-03 - AA-1165-JFK-MIA,5204.0,5055.0,5254.0,5039.0
2011-12-03 - AA-1165-JFK-MIA,5204.0,5055.0,5254.0,5039.0
2011-12-03 - AA-1165-JFK-MIA,5204.0,5055.0,5254.0,5039.0
2011-12-03 - AA-1165-JFK-MIA,5204.0,5055.0,5254.0,5039.0
2011-12-03 - AA-1165-JFK-MIA,5204.0,5055.0,5254.0,5039.0
2011-12-03 - AA-1165-JFK-MIA,5204.0,5055.0,5254.0,5039.0
2011-12-03 - AA-1434-DFW-MCO,5254.0,5127.0,5255.0,5115.0
2011-12-03 - AA-1434-DFW-MCO,5254.0,5127.0,5255.0,5115.0
2011-12-03 - AA-1434-DFW-MCO,5254.0,5127.0,5255.0,5115.0
2011-12-03 - AA-1434-DFW-MCO,5254.0,5127.0,5255.0,5115.0
2011-12-03 - AA-1434-DFW-MCO,5254.0,5127.0,5255.0,5115.0
2011-12-03 - AA-1434-DFW-MCO,5254.0,5127.0,5255.0,5115.0
2011-12-03 - AA-1434-DFW-MCO,5254.0,5127.0,5255.0,5115.0
2011-12-03 - AA-1434-DFW-MCO,5254.0,5127.0,5255.0,5115.0
2011-12-03 - AA-1434-DFW-MCO,5254.0,5127.0,5255.0,5115.0
2011-12-03 - AA-1434-DFW-MCO,5254.0,5127.0,5255.0,5115.0
2011-12-03 - AA-1434-DFW-MCO,5254.0,5127.0,5255.0,5115.0
2011-12-03 - AA-1434-DFW-MCO,5254.0,5127.0,5255.0,5115.0
2011-12-03 - AA-1434-DFW-MCO,5254.0,5127.0,5255.0,5115.0
2011-12-03 - AA-1434-DFW-MCO,5254.0,5127.0,5255.0,5115.0
2011-12-03 - AA-1434-DFW-MCO,5254.0,5127.0,5255.0,5115.0
2011-12-03 - AA-1434-DFW-MCO,5254.0,5127.0,5255.0,5115.0
2011-12-03 - AA-1434-DFW-MCO,5254.0,5127.0,5255.0,5115.0
2011-12-03 - AA-1434-DFW-MCO,5254.0,5127.0,5255.0,5115.0
2011-12-03 - AA-1434-DFW-MCO,5254.0,5127.0,5255.0,5115.0
2011-12-03 - AA-1434-DFW-MCO,5254.0,5127.0,5255.0,5115.0
2011-12-03 - AA-1434-DFW-MCO,5254.0,5127.0,5255.0,5115.0
2011-12-03 - AA-1434-DFW-MCO,5254.0,5127.0,5255.0,5115.0
2011-12-03 - AA-1434-DFW-MCO,5254.0,5127.0,5255.0,5115.0
2011-12-03 - AA-1434-DFW-MCO,5254.0,5127.0,5255.0,5115.0
2011-12-03 - AA-1522-SFO-ORD,5027.0,4808.0,5030.0,6235.0
2011-12-03 - AA-1522-SFO-ORD,5027.0,4808.0,5030.0,6235.0
2011-12-03 - AA-1522-SFO-ORD,5027.0,4808.0,5030.0,6235.0
2011-12-03 - AA-1522-SFO-ORD,5027.0,4808.0,5030.0,6235.0
2011-12-03 - AA-1522-SFO-ORD,5027.0,4808.0,5030.0,6235.0
2011-12-03 - AA-1522-SFO-ORD,5027.0,4808.0,5030.0,6235.0
2011-12-03 - AA-1522-SFO-ORD,5027.0,4808.0,5030.0,6235.0
2011-12-03 - AA-1522-SFO-ORD,5027.0,4808.0,5030.0,6235.0
2011-12-03 - AA-1522-SFO-ORD,5027.0,4808.0,5030.0,6235.0
2011-12-03 - AA-1522-SFO-ORD,5027.0,4808.0,5030.0,6235.0
2011-12-03 - AA-1522-SFO-ORD,5027.0,4808.0,5030.0,6235.0
2011-12-03 - AA-1522-SFO-ORD,5027.0,4808.0,5030.0,6235.0
2011-12-03 - AA-1522-SFO-ORD,5027.0,4808.0,5030.0,6235.0
2011-12-03 - AA-1522-SFO-ORD,5027.0,4808.0,5030.0,6235.0
2011-12-03 - AA-1522-SFO-ORD,5027.0,4808.0,5030.0,6235.0
2011-12-03 - AA-1522-SFO-ORD,5027.0,4808.0,5030.0,6235.0
2011-12-03 - AA-1522-SFO-ORD,5027.0,4808.0,5030.0,6235.0
2011-12-03 - AA-1522-SFO-ORD,5027.0,4808.0,5030.0,6235.0
2011-12-03 - AA-1522-SFO-ORD,5027.0,4808.0,5030.0,6235.0
2011-12-03 - AA-1522-SFO-ORD,5027.0,4808.0,5030.0,6235.0
2011-12-03 - AA-1522-SFO-ORD,5027.0,4808.0,5030.0,6235.0
2011-12-03 - AA-1522-SFO-ORD,5027.0,4808.0,5030.0,6235.0
2011-12-03 - AA-1522-SFO-ORD,5027.0,4808.0,5030.0,6235.0
2011-12-03 - AA-1522-SFO-ORD,5027.0,4808.0,5030.0,6235.0
2011-12-03 - AA-1522-SFO-ORD,5027.0,4808.0,5030.0,6235.0
2011-12-03 - AA-1522-SFO-ORD,5027.0,4808.0,5030.0,6235.0
2011-12-03 - AA-1522-SFO-ORD,5027.0,4808.0,5030.0,6235.0
2011-12-03 - AA-222-LAX-BOS,5533.0,5241.0,5550.0,5230.0
2011-12-03 - AA-222-LAX-BOS,5533.0,5241.0,5550.0,5230.0
2011-12-03 - AA-222-LAX-BOS,5533.0,5241.0,5550.0,5230.0
2011-12-03 - AA-222-LAX-BOS,5533.0,5241.0,5550.0,5230.0
2011-12-03 - AA-222-LAX-BOS,5533.0,5241.0,5550.0,5230.0
2011-12-03 - AA-222-LAX-BOS,5533.0,5241.0,5550.0,5230.0
2011-12-03 - AA-222-LAX-BOS,5533.0,5241.0,5550.0,5230.0
2011-12-03 - AA-222-LAX-BOS,5533.0,5241.0,5550.0,5230.0
2011-12-03 - AA-222-LAX-BOS,5533.0,5241.0,5550.0,5230.0
2011-12-03 - AA-222-LAX-BOS,5533.0,5241.0,5550.0,5230.0
2011-12-03 - AA-222-LAX-BOS,5533.0,5241.0,5550.0,5230.0
2011-12-03 - AA-222-LAX-BOS,5533.0,5241.0,5550.0,5230.0
2011-12-03 - AA-222-LAX-BOS,5533.0,5241.0,5550.0,5230.0
2011-12-03 - AA-222-LAX-BOS,5533.0,5241.0,5550.0,5230.0
2011-12-03 - AA-222-LAX-BOS,5533.0,5241.0,5550.0,5230.0
2011-12-03 - AA-222-LAX-BOS,5533.0,5241.0,5550.0,5230.0
2011-12-03 - AA-222-LAX-BOS,5533.0,5241.0,5550.0,5230.0
2011-12-03 - AA-222-LAX-BOS,5533.0,5241.0,5550.0,5230.0
2011-12-03 - AA-222-LAX-BOS,5533.0,5241.0,5550.0,5230.0
2011-12-03 - AA-222-LAX-BOS,5533.0,5241.0,5550.0,5230.0
2011-12-03 - AA-222-LAX-BOS,5533.0,5241.0,5550.0,5230.0
2011-12-03 - AA-222-LAX-BOS,5533.0,5241.0,5550.0,5230.0
2011-12-03 - AA-222-LAX-BOS,5533.0,5241.0,5550.0,5230.0
2011-12-03 - AA-2312-DFW-DTW,6024.0,5909.0,6050.0,5905.0
2011-12-03 - AA-2312-DFW-DTW,6024.0,5909.0,6050.0,5905.0
2011-12-03 - AA-2312-DFW-DTW,6024.0,5909.0,6050.0,5905.0
2011-12-03 - AA-2312-DFW-DTW,6024.0,5909.0,6050.0,5905.0
2011-12-03 - AA-2312-DFW-DTW,6024.0,5909.0,6050.0,5905.0
2011-12-03 - AA-2312-DFW-DTW,6024.0,5909.0,6050.0,5905.0
2011-12-03 - AA-2312-DFW-DTW,6024.0,5909.0,6050.0,5905.0
2011-12-03 - AA-2312-DFW-DTW,6024.0,5909.0,6050.0,5905.0
2011-12-03 - AA-2312-DFW-DTW,6024.0,5909.0,6050.0,5905.0
2011-12-03 - AA-2312-DFW-DTW,6024.0,5909.0,6050.0,5905.0
2011-12-03 - AA-2312-DFW-DTW,6024.0,5909.0,6050.0,5905.0
2011-12-03 - AA-2312-DFW-DTW,6024.0,5909.0,6050.0,5905.0
2011-12-03 - AA-2312-DFW-DTW,6024.0,5909.0,6050.0,5905.0
2011-12-03 - AA-2312-DFW-DTW,6024.0,5909.0,6050.0,5905.0
2011-12-03 - AA-2312-DFW-DTW,6024.0,5909.0,6050.0,5905.0
2011-12-03 - AA-2312-DFW-DTW,6024.0,5909.0,6050.0,5905.0
2011-12-03 - AA-2312-DFW-DTW,6024.0,5909.0,6050.0,5905.0
2011-12-03 - AA-2312-DFW-DTW,6024.0,5909.0,6050.0,5905.0
2011-12-03 - AA-2312-DFW-DTW,6024.0,5909.0,6050.0,5905.0
2011-12-03 - AA-2312-DFW-DTW,6024.0,5909.0,6050.0,5905.0
2011-12-03 - AA-2312-DFW-DTW,6024.0,5909.0,6050.0,5905.0
2011-12-03 - AA-2312-DFW-DTW,6024.0,5909.0,6050.0,5905.0
2011-12-03 - AA-2312-DFW-DTW,6024.0,5909.0,6050.0,5905.0
2011-12-03 - AA-2312-DFW-DTW,6024.0,5909.0,6050.0,5905.0
2011-12-03 - AA-2312-DFW-DTW,6024.0,5909.0,6050.0,5905.0
2011-12-03 - AA-2312-DFW-DTW,6024.0,5909.0,6050.0,5905.0
2011-12-03 - AA-3804-PHL-ORD,5603.0,5496.0,5645.0,5495.0
2011-12-03 - AA-3804-PHL-ORD,5603.0,5496.0,5645.0,5495.0
2011-12-03 - AA-3804-PHL-ORD,5603.0,5496.0,5645.0,5495.0
2011-12-03 - AA-3804-PHL-ORD,5603.0,5496.0,5645.0,5495.0
2011-12-03 - AA-3804-PHL-ORD,5603.0,5496.0,5645.0,5495.0
2011-12-03 - AA-3804-PHL-ORD,5603.0,5496.0,5645.0,5495.0
2011-12-03 - AA-3804-PHL-ORD,5603.0,5496.0,5645.0,5495.0
2011-12-03 - AA-3804-PHL-ORD,5603.0,5496.0,5645.0,5495.0
2011-12-03 - AA-3804-PHL-ORD,5603.0,5496.0,5645.0,5495.0
2011-12-03 - AA-3804-PHL-ORD,5603.0,5496.0,5645.0,5495.0
2011-12-03 - AA-3804-PHL-ORD,5603.0,5496.0,5645.0,5495.0
2011-12-03 - AA-3804-PHL-ORD,5603.0,5496.0,5645.0,5495.0
2011-12-03 - AA-3804-PHL-ORD,5603.0,5496.0,5645.0,5495.0
2011-12-03 - AA-3804-PHL-ORD,5603.0,5496.0,5645.0,5495.0
2011-12-03 - AA-3804-PHL-ORD,5603.0,5496.0,5645.0,5495.0
2011-12-03 - AA-3804-PHL-ORD,5603.0,5496.0,5645.0,5495.0
2011-12-03 - AA-3804-PHL-ORD,5603.0,5496.0,5645.0,5495.0
2011-12-03 - AA-3804-PHL-ORD,5603.0,5496.0,5645.0,5495.0
2011-12-03 - AA-3804-PHL-ORD,5603.0,5496.0,5645.0,5495.0
2011-12-03 - AA-3804-PHL-ORD,5603.0,5496.0,5645.0,5495.0
2011-12-03 - AA-3804-PHL-ORD,5603.0,5496.0,5645.0,5495.0
2011-12-03 - AA-3804-PHL-ORD,5603.0,5496.0,5645.0,5495.0
2011-12-03 - AA-3804-PHL-ORD,5603.0,5496.0,5645.0,5495.0
2011-12-03 - AA-3804-PHL-ORD,5603.0,5496.0,5645.0,5495.0
2011-12-03 - AA-3804-PHL-ORD,5603.0,5496.0,5645.0,5495.0
2011-12-03 - AA-3804-PHL-ORD,5603.0,5496.0,5645.0,5495.0
2011-12-03 - AA-3804-PHL-ORD,5603.0,5496.0,5645.0,5495.0
2011-12-03 - AA-3823-LAX-DEN,6173.0,6069.0,4755.0,6060.0
2011-12-03 - AA-3823-LAX-DEN,6173.0,6069.0,4755.0,6060.0
2011-12-03 - AA-3823-LAX-DEN,6173.0,6069.0,4755.0,6060.0
2011-12-03 - AA-3823-LAX-DEN,6173.0,6069.0,4755.0,6060.0
2011-12-03 - AA-3823-LAX-DEN,6173.0,6069.0,4755.0,6060.0
2011-12-03 - AA-3823-LAX-DEN,6173.0,6069.0,4755.0,6060.0
2011-12-03 - AA-3823-LAX-DEN,6173.0,6069.0,4755.0,6060.0
2011-12-03 - AA-3823-LAX-DEN,6173.0,6069.0,4755.0,6060.0
2011-12-03 - AA-3823-LAX-DEN,6173.0,6069.0,4755.0,6060.0
2011-12-03 - AA-3823-LAX-DEN,6173.0,6069.0,4755.0,6060.0
2011-12-03 - AA-3823-LAX-DEN,6173.0,6069.0,4755.0,6060.0
2011-12-03 - AA-3823-LAX-DEN,6173.0,6069.0,4755.0,6060.0
2011-12-03 - AA-3823-LAX-DEN,6173.0,6069.0,4755.0,6060.0
2011-12-03 - AA-3823-LAX-DEN,6173.0,6069.0,4755.0,6060.0
2011-12-03 - AA-3823-LAX-DEN,6173.0,6069.0,4755.0,6060.0
2011-12-03 - AA-3823-LAX-DEN,6173.0,6069.0,4755.0,6060.0
2011-12-03 - AA-3823-LAX-DEN,6173.0,6069.0,4755.0,6060.0
2011-12-03 - AA-3823-LAX-DEN,6173.0,6069.0,4755.0,6060.0
2011-12-03 - AA-3823-LAX-DEN,6173.0,6069.0,4755.0,6060.0
2011-12-03 - AA-3823-LAX-DEN,6173.0,6069.0,4755.0,6060.0
2011-12-03 - AA-3823-LAX-DEN,6173.0,6069.0,4755.0,6060.0
2011-12-03 - AA-3823-LAX-DEN,6173.0,6069.0,4755.0,6060.0
2011-12-03 - AA-3823-LAX-DEN,6173.0,6069.0,4755.0,6060.0
2011-12-03 - AA-3823-LAX-DEN,6173.0,6069.0,4755.0,6060.0
2011-12-03 - AA-3823-LAX-DEN,6173.0,6069.0,4755.0,6060.0
2011-12-03 - AA-3823-LAX-DEN,6173.0,6069.0,4755.0,6060.0
2011-12-03 - AA-3823-LAX-DEN,6173.0,6069.0,4755.0,6060.0
2011-12-03 - AA-3823-LAX-DEN,6173.0,6069.0,4755.0,6060.0
2011-12-03 - AA-400-DFW-JFK,5528.0,5340.0,5519.0,5320.0
2011-12-03 - AA-400-DFW-JFK,5528.0,5340.0,5519.0,5320.0
2011-12-03 - AA-400-DFW-JFK,5528.0,5340.0,5519.0,5320.0
2011-12-03 - AA-400-DFW-JFK,5528.0,5340.0,5519.0,5320.0
2011-12-03 - AA-400-DFW-JFK,5528.0,5340.0,5519.0,5320.0
2011-12-03 - AA-400-DFW-JFK,5528.0,5340.0,5519.0,5320.0
2011-12-03 - AA-400-DFW-JFK,5528.0,5340.0,5519.0,5320.0
2011-12-03 - AA-400-DFW-JFK,5528.0,5340.0,5519.0,5320.0
2011-12-03 - AA-400-DFW-JFK,5528.0,5340.0,5519.0,5320.0
2011-12-03 - AA-400-DFW-JFK,5528.0,5340.0,5519.0,5320.0
2011-12-03 - AA-400-DFW-JFK,5528.0,5340.0,5519.0,5320.0
2011-12-03 - AA-400-DFW-JFK,5528.0,5340.0,5519.0,5320.0
2011-12-03 - AA-400-DFW-JFK,5528.0,5340.0,5519.0,5320.0
2011-12-03 - AA-400-DFW-JFK,5528.0,5340.0,5519.0,5320.0
2011-12-03 - AA-400-DFW-JFK,5528.0,5340.0,5519.0,5320.0
2011-12-03 - AA-400-DFW-JFK,5528.0,5340.0,5519.0,5320.0
2011-12-03 - AA-400-DFW-JFK,5528.0,5340.0,5519.0,5320.0
2011-12-03 - AA-400-DFW-JFK,5528.0,5340.0,5519.0,5320.0
2011-12-03 - AA-400-DFW-JFK,5528.0,5340.0,5519.0,5320.0
2011-12-03 - AA-400-DFW-JFK,5528.0,5340.0,5519.0,5320.0
2011-12-03 - AA-400-DFW-JFK,5528.0,5340.0,5519.0,5320.0
2011-12-03 - AA-400-DFW-JFK,5528.0,5340.0,5519.0,5320.0
2011-12-03 - AA-400-DFW-JFK,5528.0,5340.0,5519.0,5320.0
2011-12-03 - AA-400-DFW-JFK,5528.0,5340.0,5519.0,5320.0
2011-12-03 - AA-400-DFW-JFK,5528.0,5340.0,5519.0,5320.0
2011-12-03 - AA-400-DFW-JFK,5528.0,5340.0,5519.0,5320.0
2011-12-03 - AA-4277-CVG-JFK,5450.0,5357.0,5475.0,5350.0
2011-12-03 - AA-4277-CVG-JFK,5450.0,5357.0,5475.0,5350.0
2011-12-03 - AA-4277-CVG-JFK,5450.0,5357.0,5475.0,5350.0
2011-12-03 - AA-4277-CVG-JFK,5450.0,5357.0,5475.0,5350.0
2011-12-03 - AA-4277-CVG-JFK,5450.0,5357.0,5475.0,5350.0
2011-12-03 - AA-4277-CVG-JFK,5450.0,5357.0,5475.0,5350.0
2011-12-03 - AA-4277-CVG-JFK,5450.0,5357.0,5475.0,5350.0
2011-12-03 - AA-4277-CVG-JFK,5450.0,5357.0,5475.0,5350.0
2011-12-03 - AA-4277-CVG-JFK,5450.0,5357.0,5475.0,5350.0
2011-12-03 - AA-4277-CVG-JFK,5450.0,5357.0,5475.0,5350.0
2011-12-03 - AA-4277-CVG-JFK,5450.0,5357.0,5475.0,5350.0
2011-12-03 - AA-4277-CVG-JFK,5450.0,5357.0,5475.0,5350.0
2011-12-03 - AA-4277-CVG-JFK,5450.0,5357.0,5475.0,5350.0
2011-12-03 - AA-4277-CVG-JFK,5450.0,5357.0,5475.0,5350.0
2011-12-03 - AA-4277-CVG-JFK,5450.0,5357.0,5475.0,5350.0
2011-12-03 - AA-4277-CVG-JFK,5450.0,5357.0,5475.0,5350.0
2011-12-03 - AA-4277-CVG-JFK,5450.0,5357.0,5475.0,5350.0
2011-12-03 - AA-4277-CVG-JFK,5450.0,5357.0,5475.0,5350.0
2011-12-03 - AA-4277-CVG-JFK,5450.0,5357.0,5475.0,5350.0
2011-12-03 - AA-4277-CVG-JFK,5450.0,5357.0,5475.0,5350.0
2011-12-03 - AA-4277-CVG-JFK,5450.0,5357.0,5475.0,5350.0
2011-12-03 - AA-4277-CVG-JFK,5450.0,5357.0,5475.0,5350.0
2011-12-03 - AA-4277-CVG-JFK,5450.0,5357.0,5475.0,5350.0
2011-12-03 - AA-4277-CVG-JFK,5450.0,5357.0,5475.0,5350.0
2011-12-03 - AA-4277-CVG-JFK,5450.0,5357.0,5475.0,5350.0
2011-12-03 - AA-4277-CVG-JFK,5450.0,5357.0,5475.0,5350.0
2011-12-03 - AA-431-MIA-SFO,5479.0,5143.0,5510.0,5135.0
2011-12-03 - AA-431-MIA-SFO,5479.0,5143.0,5510.0,5135.0
2011-12-03 - AA-431-MIA-SFO,5479.0,5143.0,5510.0,5135.0
2011-12-03 - AA-431-MIA-SFO,5479.0,5143.0,5510.0,5135.0
2011-12-03 - AA-431-MIA-SFO,5479.0,5143.0,5510.0,5135.0
2011-12-03 - AA-431-MIA-SFO,5479.0,5143.0,5510.0,5135.0
2011-12-03 - AA-431-MIA-SFO,5479.0,5143.0,5510.0,5135.0
2011-12-03 - AA-431-MIA-SFO,5479.0,5143.0,5510.0,5135.0
2011-12-03 - AA-431-MIA-SFO,5479.0,5143.0,5510.0,5135.0
2011-12-03 - AA-431-MIA-SFO,5479.0,5143.0,5510.0,5135.0
2011-12-03 - AA-431-MIA-SFO,5479.0,5143.0,5510.0,5135.0
2011-12-03 - AA-431-MIA-SFO,5479.0,5143.0,5510.0,5135.0
2011-12-03 - AA-431-MIA-SFO,5479.0,5143.0,5510.0,5135.0
2011-12-03 - AA-431-MIA-SFO,5479.0,5143.0,5510.0,5135.0
2011-12-03 - AA-431-MIA-SFO,5479.0,5143.0,5510.0,5135.0
2011-12-03 - AA-431-MIA-SFO,5479.0,5143.0,5510.0,5135.0
2011-12-03 - AA-431-MIA-SFO,5479.0,5143.0,5510.0,5135.0
2011-12-03 - AA-431-MIA-SFO,5479.0,5143.0,5510.0,5135.0
