{
    "num_rows": 24606,
    "num_columns": 5,
    "column_names": [
        "composed_key",
        "actual_arrival",
        "actual_departure",
        "scheduled_arrival",
        "scheduled_departure"
    ],
    "true_positive": 11010,
    "false_positive": 40650,
    "false_negative": 36453,
    "true_negative": 34917,
    "precision": 0.21312427409988385,
    "recall": 0.23197016623475128,
    "f1_score": 0.22214824006537331,
    "accuracy": 0.3732991953182151,
    "false_positive_rate": 0.5379332248203581,
    "false_negative_rate": 0.7680298337652487,
    "time_taken": 5.245208740234375e-05
}